,receiver_id
0,21
1,12
2,22
3,12
4,1
5,8
6,21
7,12
8,11
9,3
10,22
11,1
12,20
13,6
14,22
15,21
16,16
17,16
18,8
19,20
20,9
21,14
22,10
23,8
24,21
25,3
26,5
27,7
28,22
29,13
30,20
31,21
32,20
33,20
34,5
35,5
36,8
37,1
38,11
39,5
40,21
41,21
42,4
43,15
44,22
45,16
46,22
47,2
48,6
49,7
50,6
51,13
52,16
53,5
54,20
55,16
56,20
57,15
58,22
59,20
60,2
61,13
62,17
63,11
64,8
65,5
66,7
67,6
68,14
69,3
70,22
71,9
72,3
73,1
74,9
75,5
76,17
77,11
78,8
79,4
80,1
81,15
82,12
83,17
84,11
85,5
86,16
87,3
88,17
89,6
90,22
91,12
92,18
93,19
94,19
95,2
96,14
97,19
98,20
99,11
100,8
101,20
102,13
103,13
104,8
105,3
106,7
107,7
108,20
109,6
110,14
111,5
112,7
113,19
114,9
115,12
116,10
117,6
118,7
119,6
120,19
121,6
122,6
123,19
124,21
125,4
126,19
127,7
128,15
129,4
130,18
131,22
132,22
133,9
134,16
135,15
136,6
137,17
138,9
139,2
140,6
141,2
142,3
143,20
144,2
145,9
146,4
147,6
148,20
149,5
150,16
151,4
152,8
153,19
154,18
155,19
156,6
157,22
158,4
159,20
160,14
161,10
162,2
163,6
164,15
165,4
166,8
167,13
168,4
169,13
170,14
171,13
172,20
173,13
174,9
175,2
176,9
177,6
178,15
179,4
180,4
181,15
182,10
183,8
184,1
185,9
186,9
187,12
188,6
189,7
190,2
191,20
192,22
193,22
194,6
195,4
196,10
197,1
198,7
199,9
200,20
201,4
202,10
203,8
204,17
205,2
206,21
207,3
208,15
209,15
210,8
211,4
212,5
213,16
214,14
215,2
216,14
217,12
218,5
219,12
220,14
221,13
222,11
223,12
224,16
225,7
226,1
227,16
228,22
229,4
230,6
231,12
232,18
233,9
234,20
235,4
236,19
237,8
238,9
239,16
240,5
241,10
242,14
243,19
244,14
245,2
246,19
247,19
248,3
249,22
250,18
251,20
252,4
253,14
254,1
255,6
256,16
257,7
258,17
259,3
260,21
261,13
262,12
263,17
264,5
265,20
266,5
267,16
268,15
269,22
270,1
271,4
272,15
273,4
274,13
275,16
276,6
277,21
278,11
279,2
280,9
281,14
282,20
283,19
284,9
285,2
286,8
287,16
288,12
289,7
290,17
291,13
292,15
293,11
294,5
295,2
296,11
297,15
298,18
299,6
300,2
301,14
302,1
303,5
304,13
305,14
306,6
307,4
308,1
309,16
310,11
311,19
312,5
313,1
314,12
315,13
316,9
317,5
318,20
319,21
320,11
321,21
322,6
323,13
324,11
325,17
326,9
327,9
328,3
329,12
330,5
331,16
332,14
333,17
334,10
335,8
336,4
337,3
338,2
339,2
340,20
341,22
342,2
343,13
344,18
345,2
346,18
347,13
348,13
349,1
350,21
351,16
352,14
353,22
354,8
355,10
356,15
357,6
358,11
359,1
360,8
361,17
362,18
363,8
364,10
365,12
366,4
367,17
368,5
369,16
370,7
371,20
372,1
373,20
374,4
375,6
376,9
377,19
378,16
379,15
380,4
381,13
382,11
383,15
384,2
385,3
386,20
387,19
388,18
389,2
390,16
391,19
392,16
393,8
394,2
395,13
396,8
397,19
398,1
399,11
400,16
401,16
402,4
403,5
404,10
405,8
406,3
407,1
408,9
409,8
410,19
411,8
412,7
413,4
414,13
415,5
416,16
417,3
418,7
419,11
420,18
421,5
422,4
423,20
424,6
425,9
426,6
427,8
428,15
429,4
430,17
431,11
432,10
433,13
434,19
435,12
436,2
437,2
438,15
439,20
440,1
441,14
442,17
443,2
444,9
445,17
446,16
447,6
448,19
449,12
450,10
451,20
452,3
453,4
454,11
455,8
456,10
457,8
458,3
459,6
460,8
461,7
462,6
463,19
464,8
465,5
466,1
467,8
468,1
469,2
470,3
471,11
472,5
473,10
474,2
475,7
476,11
477,2
478,1
479,20
480,17
481,1
482,11
483,18
484,17
485,18
486,5
487,11
488,21
489,3
490,4
491,18
492,10
493,3
494,22
495,22
496,1
497,9
498,18
499,8
500,3
501,22
502,8
503,21
504,22
505,19
506,13
507,21
508,2
509,19
510,2
511,11
512,10
513,16
514,6
515,14
516,21
517,7
518,4
519,7
520,16
521,16
522,3
523,3
524,16
525,14
526,6
527,3
528,3
529,22
530,12
531,15
532,2
533,6
534,21
535,8
536,19
537,5
538,12
539,1
540,10
541,16
542,22
543,7
544,10
545,12
546,18
547,9
548,14
549,8
550,2
551,19
552,11
553,18
554,11
555,12
556,7
557,14
558,11
559,17
560,11
561,13
562,13
563,22
564,1
565,14
566,4
567,7
568,12
569,20
570,19
571,6
572,10
573,11
574,18
575,20
576,14
577,3
578,4
579,13
580,1
581,10
582,17
583,5
584,15
585,5
586,16
587,14
588,14
589,3
590,4
591,9
592,6
593,5
594,17
595,12
596,15
597,13
598,11
599,12
600,11
601,5
602,17
603,3
604,17
605,11
606,11
607,9
608,6
609,19
610,9
611,5
612,15
613,8
614,11
615,1
616,17
617,11
618,1
619,20
620,6
621,12
622,2
623,14
624,14
625,19
626,2
627,16
628,13
629,2
630,3
631,22
632,5
633,13
634,22
635,14
636,5
637,5
638,10
639,22
640,12
641,21
642,16
643,21
644,12
645,2
646,21
647,22
648,21
649,1
650,19
651,3
652,17
653,12
654,2
655,18
656,13
657,7
658,15
659,11
660,4
661,3
662,21
663,1
664,5
665,4
666,10
667,8
668,12
669,8
670,13
671,21
672,15
673,21
674,16
675,8
676,16
677,9
678,13
679,18
680,9
681,5
682,2
683,20
684,10
685,10
686,15
687,17
688,4
689,21
690,6
691,19
692,17
693,7
694,20
695,3
696,5
697,4
698,15
699,21
700,7
701,7
702,8
703,10
704,4
705,16
706,9
707,8
708,3
709,10
710,2
711,10
712,10
713,1
714,16
715,17
716,19
717,6
718,15
719,16
720,4
721,11
722,22
723,5
724,10
725,17
726,19
727,22
728,6
729,1
730,6
731,1
732,2
733,21
734,10
735,16
736,4
737,16
738,7
739,19
740,15
741,6
742,22
743,10
744,17
745,21
746,3
747,4
748,7
749,18
750,7
751,4
752,15
753,22
754,4
755,22
756,22
757,12
758,16
759,4
760,10
761,12
762,12
763,6
764,11
765,18
766,8
767,6
768,14
769,7
770,3
771,8
772,10
773,5
774,1
775,2
776,6
777,13
778,6
779,2
780,21
781,3
782,8
783,17
784,6
785,2
786,18
787,11
788,18
789,16
790,22
791,13
792,22
793,9
794,17
795,1
796,8
797,15
798,22
799,22
800,2
801,12
802,18
803,20
804,4
805,5
806,4
807,14
808,18
809,12
810,20
811,21
812,3
813,11
814,11
815,10
816,5
817,4
818,13
819,3
820,5
821,22
822,16
823,13
824,20
825,9
826,14
827,1
828,7
829,12
830,14
831,8
832,16
833,21
834,13
835,20
836,4
837,5
838,16
839,6
840,12
841,1
842,17
843,14
844,1
845,14
846,1
847,8
848,7
849,4
850,21
851,6
852,6
853,1
854,22
855,2
856,13
857,8
858,19
859,17
860,8
861,14
862,3
863,7
864,3
865,17
866,14
867,5
868,20
869,3
870,8
871,16
872,14
873,1
874,18
875,12
876,22
877,5
878,18
879,21
880,13
881,13
882,11
883,18
884,1
885,20
886,9
887,20
888,21
889,3
890,2
891,19
892,3
893,7
894,3
895,2
896,10
897,2
898,6
899,11
900,17
901,2
902,17
903,5
904,1
905,4
906,20
907,21
908,19
909,3
910,3
911,12
912,7
913,7
914,13
915,9
916,18
917,2
918,7
919,1
920,11
921,1
922,11
923,18
924,7
925,19
926,4
927,10
928,21
929,18
930,21
931,17
932,14
933,16
934,17
935,14
936,16
937,18
938,3
939,12
940,18
941,15
942,5
943,16
944,4
945,4
946,15
947,7
948,5
949,4
950,12
951,20
952,20
953,22
954,20
955,8
956,12
957,16
958,22
959,4
960,16
961,9
962,5
963,4
964,17
965,8
966,21
967,19
968,7
969,7
970,20
971,10
972,12
973,1
974,10
975,15
976,5
977,7
978,16
979,4
980,8
981,16
982,13
983,3
984,2
985,18
986,16
987,20
988,16
989,20
990,10
991,4
992,6
993,9
994,12
995,12
996,13
997,12
998,3
999,5
1000,18
1001,9
1002,11
1003,15
1004,15
1005,22
1006,22
1007,10
1008,11
1009,3
1010,10
1011,4
1012,15
1013,8
1014,10
1015,19
1016,22
1017,20
1018,14
1019,15
1020,4
1021,16
1022,7
1023,3
1024,20
1025,22
1026,2
1027,14
1028,19
1029,16
1030,16
1031,17
1032,9
1033,5
1034,19
1035,5
1036,22
1037,19
1038,6
1039,21
1040,20
1041,5
1042,6
1043,5
1044,8
1045,15
1046,3
1047,12
1048,1
1049,21
1050,17
1051,17
1052,11
1053,3
1054,8
1055,8
1056,16
1057,10
1058,3
1059,18
1060,15
1061,18
1062,18
1063,4
1064,20
1065,13
1066,15
1067,1
1068,12
1069,13
1070,18
1071,4
1072,3
1073,3
1074,11
1075,8
1076,14
1077,8
1078,10
1079,11
1080,20
1081,18
1082,2
1083,22
1084,21
1085,15
1086,6
1087,6
1088,2
1089,19
1090,11
1091,18
1092,19
1093,15
1094,2
1095,12
1096,17
1097,19
1098,10
1099,15
1100,13
1101,13
1102,14
1103,3
1104,11
1105,2
1106,5
1107,21
1108,14
1109,10
1110,22
1111,19
1112,7
1113,9
1114,8
1115,20
1116,6
1117,22
1118,22
1119,18
1120,3
1121,19
1122,5
1123,18
1124,2
1125,16
1126,4
1127,16
1128,3
1129,15
1130,22
1131,18
1132,16
1133,21
1134,17
1135,18
1136,2
1137,22
1138,9
1139,1
1140,3
1141,7
1142,11
1143,19
1144,13
1145,22
1146,9
1147,3
1148,10
1149,5
1150,18
1151,8
1152,16
1153,15
1154,22
1155,9
1156,2
1157,12
1158,17
1159,8
1160,2
1161,1
1162,12
1163,2
1164,6
1165,22
1166,11
1167,19
1168,14
1169,12
1170,9
1171,7
1172,13
1173,10
1174,7
1175,8
1176,2
1177,17
1178,10
1179,13
1180,20
1181,10
1182,16
1183,16
1184,9
1185,18
1186,7
1187,22
1188,20
1189,15
1190,20
1191,5
1192,5
1193,20
1194,15
1195,2
1196,22
1197,22
1198,8
1199,3
1200,11
1201,6
1202,16
1203,3
1204,1
1205,8
1206,21
1207,4
1208,11
1209,3
1210,11
1211,2
1212,11
1213,22
1214,3
1215,10
1216,8
1217,20
1218,14
1219,21
1220,4
1221,1
1222,16
1223,3
1224,2
1225,8
1226,6
1227,21
1228,5
1229,18
1230,10
1231,2
1232,18
1233,2
1234,6
1235,19
1236,21
1237,15
1238,18
1239,21
1240,22
1241,16
1242,13
1243,18
1244,11
1245,3
1246,17
1247,13
1248,2
1249,5
1250,3
1251,4
1252,3
1253,6
1254,11
1255,2
1256,22
1257,2
1258,1
1259,15
1260,7
1261,20
1262,19
1263,1
1264,17
1265,17
1266,19
1267,20
1268,3
1269,7
1270,19
1271,15
1272,9
1273,9
1274,20
1275,7
1276,6
1277,11
1278,21
1279,3
1280,3
1281,16
1282,21
1283,17
1284,4
1285,1
1286,19
1287,10
1288,4
1289,6
1290,8
1291,5
1292,8
1293,12
1294,1
1295,12
1296,9
1297,10
1298,1
1299,6
1300,9
1301,14
1302,8
1303,3
1304,4
1305,12
1306,13
1307,8
1308,5
1309,21
1310,5
1311,20
1312,15
1313,19
1314,5
1315,4
1316,20
1317,8
1318,3
1319,13
1320,18
1321,15
1322,2
1323,21
1324,16
1325,9
1326,20
1327,7
1328,5
1329,5
1330,16
1331,11
1332,10
1333,22
1334,12
1335,18
1336,22
1337,8
1338,11
1339,5
1340,16
1341,13
1342,11
1343,7
1344,2
1345,16
1346,9
1347,1
1348,10
1349,8
1350,1
1351,12
1352,4
1353,2
1354,8
1355,14
1356,7
1357,21
1358,3
1359,15
1360,10
1361,13
1362,5
1363,19
1364,15
1365,19
1366,7
1367,10
1368,3
1369,1
1370,3
1371,1
1372,20
1373,3
1374,4
1375,8
1376,6
1377,3
1378,7
1379,6
1380,14
1381,1
1382,7
1383,7
1384,3
1385,7
1386,4
1387,2
1388,17
1389,10
1390,13
1391,8
1392,22
1393,7
1394,2
1395,6
1396,4
1397,21
1398,8
1399,5
1400,5
1401,7
1402,20
1403,15
1404,8
1405,7
1406,10
1407,18
1408,4
1409,11
1410,16
1411,9
1412,1
1413,7
1414,4
1415,17
1416,16
1417,21
1418,20
1419,1
1420,10
1421,3
1422,16
1423,3
1424,12
1425,8
1426,2
1427,20
1428,8
1429,3
1430,6
1431,8
1432,14
1433,5
1434,21
1435,10
1436,19
1437,14
1438,16
1439,14
1440,17
1441,7
1442,4
1443,1
1444,1
1445,16
1446,4
1447,2
1448,11
1449,2
1450,15
1451,7
1452,4
1453,3
1454,16
1455,8
1456,4
1457,5
1458,9
1459,17
1460,16
1461,13
1462,4
1463,8
1464,5
1465,5
1466,9
1467,12
1468,1
1469,3
1470,15
1471,14
1472,4
1473,5
1474,22
1475,8
1476,9
1477,18
1478,16
1479,8
1480,2
1481,9
1482,6
1483,4
1484,14
1485,14
1486,19
1487,2
1488,15
1489,19
1490,13
1491,7
1492,7
1493,22
1494,12
1495,2
1496,1
1497,22
1498,6
1499,2
1500,21
1501,7
1502,18
1503,7
1504,3
1505,13
1506,18
1507,20
1508,12
1509,13
1510,8
1511,6
1512,10
1513,4
1514,12
1515,10
1516,8
1517,20
1518,4
1519,6
1520,3
1521,4
1522,3
1523,4
1524,14
1525,5
1526,9
1527,3
1528,4
1529,3
1530,21
1531,11
1532,1
1533,8
1534,5
1535,11
1536,3
1537,18
1538,12
1539,16
1540,22
1541,8
1542,15
1543,11
1544,14
1545,5
1546,22
1547,10
1548,19
1549,6
1550,8
1551,12
1552,4
1553,8
1554,10
1555,16
1556,2
1557,13
1558,17
1559,12
1560,19
1561,7
1562,4
1563,6
1564,21
1565,21
1566,18
1567,20
1568,13
1569,8
1570,16
1571,3
1572,22
1573,3
1574,20
1575,5
1576,14
1577,7
1578,20
1579,12
1580,1
1581,1
1582,11
1583,15
1584,13
1585,16
1586,19
1587,6
1588,21
1589,2
1590,22
1591,14
1592,22
1593,22
1594,18
1595,11
1596,1
1597,11
1598,6
1599,15
1600,7
1601,3
1602,11
1603,8
1604,2
1605,21
1606,14
1607,19
1608,13
1609,14
1610,13
1611,7
1612,3
1613,11
1614,13
1615,3
1616,8
1617,11
1618,6
1619,20
1620,20
1621,3
1622,11
1623,5
1624,1
1625,9
1626,2
1627,14
1628,2
1629,8
1630,4
1631,6
1632,14
1633,12
1634,7
1635,2
1636,19
1637,12
1638,16
1639,16
1640,11
1641,19
1642,12
1643,18
1644,20
1645,15
1646,9
1647,7
1648,10
1649,3
1650,8
1651,6
1652,11
1653,20
1654,21
1655,14
1656,6
1657,21
1658,3
1659,2
1660,14
1661,15
1662,2
1663,5
1664,3
1665,19
1666,2
1667,8
1668,7
1669,12
1670,18
1671,6
1672,3
1673,20
1674,14
1675,8
1676,14
1677,9
1678,1
1679,8
1680,7
1681,11
1682,13
1683,21
1684,9
1685,2
1686,19
1687,6
1688,9
1689,5
1690,5
1691,5
1692,2
1693,1
1694,4
1695,22
1696,2
1697,22
1698,21
1699,14
1700,21
1701,7
1702,9
1703,6
1704,3
1705,19
1706,14
1707,12
1708,2
1709,20
1710,1
1711,20
1712,4
1713,2
1714,6
1715,16
1716,17
1717,15
1718,2
1719,21
1720,3
1721,1
1722,15
1723,13
1724,21
1725,2
1726,16
1727,21
1728,1
1729,22
1730,2
1731,6
1732,7
1733,7
1734,14
1735,4
1736,15
1737,13
1738,22
1739,19
1740,22
1741,11
1742,22
1743,16
1744,3
1745,10
1746,22
1747,9
1748,7
1749,8
1750,7
1751,11
1752,2
1753,9
1754,14
1755,3
1756,10
1757,3
1758,15
1759,4
1760,18
1761,5
1762,21
1763,4
1764,7
1765,21
1766,16
1767,3
1768,4
1769,5
1770,5
1771,3
1772,2
1773,10
1774,5
1775,22
1776,14
1777,15
1778,19
1779,22
1780,14
1781,1
1782,4
1783,14
1784,13
1785,7
1786,21
1787,4
1788,18
1789,14
1790,22
1791,7
1792,15
1793,16
1794,5
1795,5
1796,3
1797,4
1798,10
1799,4
1800,3
1801,16
1802,13
1803,2
1804,15
1805,6
1806,5
1807,15
1808,12
1809,17
1810,15
1811,12
1812,8
1813,16
1814,12
1815,2
1816,15
1817,8
1818,20
1819,7
1820,22
1821,7
1822,15
1823,8
1824,4
1825,15
1826,6
1827,4
1828,12
1829,8
1830,8
1831,16
1832,17
1833,5
1834,21
1835,3
1836,22
1837,6
1838,16
1839,8
1840,13
1841,4
1842,6
1843,19
1844,2
1845,6
1846,18
1847,7
1848,20
1849,11
1850,15
1851,7
1852,4
1853,16
1854,15
1855,3
1856,18
1857,4
1858,20
1859,6
1860,17
1861,3
1862,3
1863,19
1864,21
1865,8
1866,20
1867,10
1868,7
1869,4
1870,18
1871,7
1872,2
1873,22
1874,21
1875,17
1876,7
1877,16
1878,1
1879,7
1880,2
1881,4
1882,5
1883,19
1884,18
1885,11
1886,17
1887,6
1888,12
1889,16
1890,7
1891,6
1892,11
1893,16
1894,6
1895,19
1896,8
1897,19
1898,1
1899,18
1900,17
1901,22
1902,13
1903,6
1904,7
1905,15
1906,13
1907,3
1908,4
1909,17
1910,5
1911,2
1912,10
1913,8
1914,20
1915,16
1916,12
1917,6
1918,5
1919,1
1920,11
1921,22
1922,14
1923,13
1924,3
1925,2
1926,13
1927,1
1928,19
1929,4
1930,21
1931,10
1932,12
1933,3
1934,2
1935,10
1936,18
1937,3
1938,8
1939,21
1940,18
1941,16
1942,6
1943,4
1944,5
1945,13
1946,6
1947,9
1948,5
1949,15
1950,13
1951,18
1952,18
1953,5
1954,2
1955,20
1956,4
1957,18
1958,21
1959,17
1960,3
1961,19
1962,12
1963,5
1964,16
1965,15
1966,10
1967,1
1968,14
1969,3
1970,16
1971,6
1972,7
1973,21
1974,4
1975,5
1976,20
1977,9
1978,21
1979,21
1980,17
1981,14
1982,4
1983,7
1984,1
1985,6
1986,3
1987,2
1988,17
1989,5
1990,14
1991,22
1992,18
1993,22
1994,1
1995,10
1996,20
1997,12
1998,8
1999,8
2000,4
2001,13
2002,14
2003,8
2004,1
2005,15
2006,7
2007,7
2008,9
2009,14
2010,3
2011,19
2012,2
2013,10
2014,4
2015,5
2016,22
2017,19
2018,5
2019,8
2020,10
2021,9
2022,7
2023,8
2024,3
2025,16
2026,14
2027,12
2028,4
2029,15
2030,10
2031,21
2032,12
2033,7
2034,12
2035,9
2036,6
2037,5
2038,13
2039,9
2040,12
2041,2
2042,22
2043,13
2044,8
2045,8
2046,17
2047,7
2048,18
2049,16
2050,19
2051,3
2052,3
2053,13
2054,10
2055,3
2056,8
2057,20
2058,16
2059,21
2060,7
2061,15
2062,22
2063,10
2064,3
2065,19
2066,4
2067,20
2068,22
2069,13
2070,14
2071,18
2072,9
2073,7
2074,2
2075,14
2076,12
2077,16
2078,5
2079,9
2080,22
2081,4
2082,7
2083,7
2084,2
2085,9
2086,1
2087,21
2088,11
2089,6
2090,11
2091,5
2092,2
2093,9
2094,16
2095,19
2096,14
2097,5
2098,6
2099,12
2100,3
2101,8
2102,13
2103,9
2104,5
2105,22
2106,9
2107,11
2108,20
2109,17
2110,4
2111,19
2112,14
2113,6
2114,21
2115,2
2116,12
2117,16
2118,18
2119,22
2120,16
2121,12
2122,12
2123,14
2124,8
2125,5
2126,6
2127,6
2128,2
2129,22
2130,2
2131,5
2132,10
2133,8
2134,9
2135,6
2136,10
2137,9
2138,4
2139,12
2140,11
2141,13
2142,15
2143,8
2144,4
2145,15
2146,4
2147,8
2148,9
2149,16
2150,22
2151,10
2152,18
2153,19
2154,10
2155,17
2156,5
2157,15
2158,16
2159,4
2160,9
2161,9
2162,11
2163,13
2164,2
2165,10
2166,1
2167,19
2168,19
2169,18
2170,18
2171,19
2172,2
2173,21
2174,19
2175,12
2176,20
2177,22
2178,2
2179,4
2180,21
2181,22
2182,2
2183,22
2184,19
2185,17
2186,13
2187,22
2188,11
2189,1
2190,16
2191,2
2192,5
2193,16
2194,19
2195,1
2196,13
2197,9
2198,16
2199,18
2200,2
2201,4
2202,21
2203,6
2204,17
2205,14
2206,6
2207,14
2208,17
2209,3
2210,7
2211,2
2212,8
2213,20
2214,19
2215,20
2216,7
2217,16
2218,20
2219,12
2220,22
2221,13
2222,3
2223,1
2224,12
2225,22
2226,8
2227,4
2228,22
2229,7
2230,7
2231,10
2232,14
2233,1
2234,1
2235,19
2236,2
2237,20
2238,2
2239,13
2240,16
2241,18
2242,15
2243,5
2244,16
2245,20
2246,7
2247,16
2248,16
2249,20
2250,10
2251,2
2252,5
2253,4
2254,2
2255,14
2256,16
2257,12
2258,14
2259,16
2260,6
2261,22
2262,11
2263,15
2264,18
2265,8
2266,6
2267,22
2268,3
2269,11
2270,13
2271,21
2272,17
2273,17
2274,9
2275,22
2276,14
2277,3
2278,8
2279,4
2280,6
2281,8
2282,1
2283,2
2284,20
2285,15
2286,22
2287,2
2288,3
2289,13
2290,11
2291,20
2292,15
2293,21
2294,8
2295,3
2296,20
2297,2
2298,3
2299,17
2300,1
2301,8
2302,15
2303,6
2304,18
2305,17
2306,18
2307,10
2308,13
2309,4
2310,9
2311,5
2312,15
2313,4
2314,18
2315,7
2316,1
2317,13
2318,3
2319,2
2320,13
2321,5
2322,20
2323,1
2324,16
2325,1
2326,14
2327,12
2328,6
2329,8
2330,21
2331,11
2332,7
2333,2
2334,3
2335,6
2336,3
2337,21
2338,17
2339,5
2340,5
2341,13
2342,2
2343,18
2344,11
2345,5
2346,21
2347,4
2348,8
2349,15
2350,13
2351,7
2352,8
2353,22
2354,7
2355,21
2356,3
2357,8
2358,12
2359,9
2360,18
2361,5
2362,16
2363,20
2364,6
2365,21
2366,14
2367,15
2368,7
2369,21
2370,5
2371,14
2372,8
2373,14
2374,20
2375,8
2376,19
2377,2
2378,6
2379,9
2380,11
2381,4
2382,7
2383,11
2384,7
2385,10
2386,1
2387,19
2388,20
2389,7
2390,16
2391,10
2392,16
2393,16
2394,8
2395,7
2396,20
2397,11
2398,15
2399,5
2400,11
2401,6
2402,4
2403,2
2404,3
2405,20
2406,19
2407,14
2408,13
2409,5
2410,2
2411,16
2412,20
2413,2
2414,22
2415,1
2416,2
2417,18
2418,2
2419,20
2420,19
2421,13
2422,17
2423,5
2424,14
2425,22
2426,16
2427,8
2428,5
2429,2
2430,2
2431,1
2432,10
2433,7
2434,4
2435,8
2436,19
2437,21
2438,21
2439,22
2440,14
2441,6
2442,7
2443,3
2444,13
2445,21
2446,13
2447,3
2448,8
2449,19
2450,14
2451,3
2452,11
2453,14
2454,2
2455,19
2456,18
2457,1
2458,3
2459,2
2460,3
2461,11
2462,4
2463,21
2464,16
2465,17
2466,5
2467,12
2468,16
2469,19
2470,1
2471,1
2472,1
2473,15
2474,10
2475,21
2476,1
2477,8
2478,17
2479,3
2480,3
2481,13
2482,20
2483,20
2484,15
2485,16
2486,13
2487,6
2488,14
2489,14
2490,20
2491,21
2492,2
2493,1
2494,1
2495,5
2496,11
2497,6
2498,2
2499,3
2500,12
2501,18
2502,20
2503,11
2504,11
2505,5
2506,9
2507,20
2508,5
2509,21
2510,18
2511,16
2512,2
2513,1
2514,3
2515,14
2516,18
2517,5
2518,21
2519,15
2520,2
2521,3
2522,18
2523,4
2524,10
2525,11
2526,8
2527,21
2528,8
2529,9
2530,3
2531,22
2532,22
2533,16
2534,8
2535,20
2536,12
2537,5
2538,18
2539,6
2540,21
2541,9
2542,9
2543,7
2544,13
2545,8
2546,17
2547,14
2548,9
2549,12
2550,19
2551,13
2552,8
2553,8
2554,2
2555,6
2556,22
2557,20
2558,16
2559,18
2560,21
2561,2
2562,4
2563,11
2564,9
2565,21
2566,20
2567,4
2568,16
2569,8
2570,19
2571,20
2572,1
2573,7
2574,2
2575,9
2576,22
2577,5
2578,13
2579,21
2580,8
2581,16
2582,3
2583,20
2584,16
2585,4
2586,6
2587,9
2588,16
2589,3
2590,7
2591,2
2592,16
2593,15
2594,4
2595,2
2596,12
2597,4
2598,13
2599,10
2600,3
2601,13
2602,3
2603,1
2604,20
2605,9
2606,20
2607,4
2608,9
2609,21
2610,2
2611,11
2612,7
2613,17
2614,15
2615,1
2616,22
2617,14
2618,15
2619,18
2620,15
2621,7
2622,9
2623,12
2624,15
2625,12
2626,14
2627,21
2628,16
2629,2
2630,18
2631,10
2632,9
2633,10
2634,14
2635,8
2636,12
2637,8
2638,1
2639,14
2640,1
2641,6
2642,20
2643,12
2644,18
2645,20
2646,13
2647,10
2648,22
2649,3
2650,7
2651,2
2652,9
2653,5
2654,13
2655,3
2656,18
2657,7
2658,13
2659,14
2660,4
2661,19
2662,3
2663,6
2664,14
2665,14
2666,19
2667,8
2668,3
2669,3
2670,19
2671,20
2672,17
2673,17
2674,9
2675,12
2676,20
2677,20
2678,9
2679,3
2680,4
2681,2
2682,20
2683,20
2684,16
2685,16
2686,11
2687,8
2688,6
2689,1
2690,14
2691,4
2692,14
2693,1
2694,15
2695,7
2696,2
2697,4
2698,12
2699,6
2700,1
2701,16
2702,17
2703,19
2704,2
2705,15
2706,19
2707,20
2708,21
2709,18
2710,21
2711,12
2712,11
2713,11
2714,14
2715,3
2716,22
2717,12
2718,12
2719,17
2720,9
2721,3
2722,18
2723,18
2724,10
2725,10
2726,7
2727,4
2728,2
2729,20
2730,3
2731,10
2732,5
2733,8
2734,4
2735,11
2736,12
2737,18
2738,9
2739,5
2740,14
2741,1
2742,15
2743,8
2744,18
2745,18
2746,3
2747,16
2748,20
2749,7
2750,6
2751,18
2752,3
2753,13
2754,16
2755,14
2756,3
2757,12
2758,3
2759,4
2760,16
2761,18
2762,16
2763,5
2764,16
2765,22
2766,19
2767,6
2768,3
2769,2
2770,21
2771,21
2772,18
2773,8
2774,2
2775,4
2776,1
2777,3
2778,3
2779,21
2780,9
2781,20
2782,6
2783,6
2784,21
2785,5
2786,2
2787,16
2788,21
2789,15
2790,17
2791,4
2792,16
2793,16
2794,6
2795,20
2796,19
2797,21
2798,13
2799,18
2800,2
2801,7
2802,16
2803,11
2804,14
2805,6
2806,11
2807,15
2808,1
2809,13
2810,16
2811,14
2812,8
2813,11
2814,10
2815,2
2816,19
2817,12
2818,12
2819,22
2820,15
2821,10
2822,3
2823,2
2824,8
2825,18
2826,22
2827,3
2828,22
2829,13
2830,6
2831,3
2832,9
2833,10
2834,5
2835,5
2836,4
2837,11
2838,1
2839,5
2840,1
2841,13
2842,9
2843,3
2844,4
2845,12
2846,4
2847,2
2848,10
2849,5
2850,2
2851,6
2852,16
2853,6
2854,2
2855,9
2856,7
2857,3
2858,19
2859,3
2860,15
2861,3
2862,8
2863,3
2864,20
2865,14
2866,14
2867,1
2868,2
2869,3
2870,17
2871,16
2872,3
2873,7
2874,19
2875,16
2876,21
2877,10
2878,17
2879,7
2880,3
2881,20
2882,20
2883,2
2884,16
2885,2
2886,20
2887,21
2888,3
2889,18
2890,17
2891,2
2892,3
2893,7
2894,6
2895,7
2896,7
2897,17
2898,17
2899,9
2900,2
2901,2
2902,13
2903,20
2904,18
2905,14
2906,16
2907,5
2908,14
2909,2
2910,11
2911,4
2912,11
2913,13
2914,15
2915,16
2916,14
2917,11
2918,2
2919,22
2920,3
2921,7
2922,18
2923,21
2924,2
2925,6
2926,17
2927,21
2928,20
2929,11
2930,2
2931,5
2932,18
2933,22
2934,20
2935,17
2936,10
2937,3
2938,4
2939,18
2940,6
2941,3
2942,15
2943,6
2944,4
2945,4
2946,3
2947,15
2948,3
2949,18
2950,8
2951,5
2952,6
2953,16
2954,4
2955,4
2956,2
2957,17
2958,2
2959,17
2960,18
2961,17
2962,15
2963,11
2964,5
2965,7
2966,6
2967,3
2968,17
2969,2
2970,17
2971,12
2972,21
2973,16
2974,7
2975,8
2976,15
2977,11
2978,7
2979,2
2980,6
2981,14
2982,6
2983,7
2984,20
2985,17
2986,4
2987,16
2988,15
2989,12
2990,3
2991,8
2992,14
2993,11
2994,20
2995,3
2996,7
2997,11
2998,6
2999,6
3000,20
3001,18
3002,4
3003,4
3004,3
3005,17
3006,5
3007,9
3008,15
3009,7
3010,19
3011,7
3012,6
3013,12
3014,18
3015,8
3016,4
3017,17
3018,9
3019,7
3020,7
3021,11
3022,9
3023,10
3024,10
3025,9
3026,2
3027,8
3028,14
3029,3
3030,4
3031,7
3032,19
3033,8
3034,10
3035,3
3036,2
3037,2
3038,13
3039,16
3040,17
3041,5
3042,13
3043,17
3044,12
3045,18
3046,4
3047,7
3048,20
3049,5
3050,22
3051,22
3052,14
3053,15
3054,11
3055,7
3056,2
3057,3
3058,16
3059,19
3060,4
3061,3
3062,2
3063,7
3064,14
3065,20
3066,15
3067,6
3068,5
3069,4
3070,19
3071,8
3072,9
3073,10
3074,18
3075,5
3076,2
3077,16
3078,2
3079,2
3080,6
3081,9
3082,12
3083,15
3084,12
3085,18
3086,1
3087,16
3088,3
3089,16
3090,20
3091,11
3092,7
3093,19
3094,18
3095,7
3096,2
3097,4
3098,1
3099,13
3100,20
3101,10
3102,14
3103,16
3104,7
3105,1
3106,17
3107,17
3108,22
3109,4
3110,13
3111,3
3112,1
3113,15
3114,11
3115,4
3116,13
3117,2
3118,7
3119,17
3120,3
3121,10
3122,1
3123,16
3124,19
3125,14
3126,20
3127,10
3128,10
3129,6
3130,6
3131,6
3132,19
3133,10
3134,11
3135,12
3136,16
3137,15
3138,12
3139,13
3140,1
3141,10
3142,2
3143,16
3144,17
3145,9
3146,11
3147,6
3148,14
3149,22
3150,7
3151,7
3152,2
3153,15
3154,6
3155,19
3156,13
3157,4
3158,5
3159,13
3160,15
3161,22
3162,2
3163,12
3164,2
3165,15
3166,10
3167,15
3168,6
3169,14
3170,13
3171,22
3172,4
3173,13
3174,15
3175,10
3176,10
3177,12
3178,20
3179,12
3180,10
3181,6
3182,18
3183,1
3184,3
3185,18
3186,12
3187,11
3188,7
3189,16
3190,2
3191,2
3192,14
3193,4
3194,1
3195,10
3196,21
3197,3
3198,10
3199,1
3200,2
3201,1
3202,9
3203,13
3204,6
3205,6
3206,20
3207,1
3208,21
3209,16
3210,9
3211,14
3212,12
3213,21
3214,4
3215,12
3216,19
3217,3
3218,17
3219,8
3220,19
3221,10
3222,2
3223,22
3224,22
3225,6
3226,13
3227,19
3228,6
3229,6
3230,1
3231,1
3232,20
3233,8
3234,1
3235,11
3236,19
3237,7
3238,17
3239,6
3240,19
3241,1
3242,14
3243,4
3244,15
3245,10
3246,16
3247,1
3248,5
3249,10
3250,5
3251,7
3252,3
3253,16
3254,5
3255,21
3256,7
3257,6
3258,7
3259,20
3260,10
3261,10
3262,17
3263,2
3264,2
3265,11
3266,5
3267,6
3268,13
3269,3
3270,7
3271,22
3272,4
3273,20
3274,21
3275,14
3276,13
3277,14
3278,18
3279,3
3280,7
3281,10
3282,18
3283,16
3284,16
3285,2
3286,12
3287,3
3288,21
3289,3
3290,7
3291,16
3292,9
3293,7
3294,16
3295,12
3296,9
3297,20
3298,16
3299,1
3300,1
3301,10
3302,9
3303,18
3304,9
3305,9
3306,9
3307,6
3308,5
3309,22
3310,17
3311,14
3312,17
3313,18
3314,3
3315,4
3316,18
3317,14
3318,6
3319,3
3320,13
3321,20
3322,2
3323,17
3324,7
3325,13
3326,2
3327,9
3328,2
3329,14
3330,2
3331,19
3332,21
3333,15
3334,4
3335,4
3336,8
3337,18
3338,10
3339,3
3340,6
3341,1
3342,21
3343,3
3344,14
3345,17
3346,14
3347,17
3348,21
3349,5
3350,9
3351,21
3352,19
3353,9
3354,13
3355,12
3356,14
3357,5
3358,4
3359,7
3360,6
3361,6
3362,4
3363,18
3364,5
3365,15
3366,19
3367,5
3368,11
3369,4
3370,6
3371,11
3372,16
3373,7
3374,11
3375,14
3376,18
3377,15
3378,14
3379,16
3380,7
3381,16
3382,13
3383,6
3384,3
3385,15
3386,22
3387,22
3388,22
3389,8
3390,22
3391,5
3392,9
3393,11
3394,16
3395,6
3396,8
3397,10
3398,1
3399,20
3400,2
3401,20
3402,14
3403,8
3404,5
3405,6
3406,17
3407,2
3408,16
3409,18
3410,19
3411,20
3412,16
3413,6
3414,12
3415,16
3416,20
3417,2
3418,12
3419,11
3420,8
3421,22
3422,19
3423,14
3424,17
3425,13
3426,5
3427,15
3428,4
3429,17
3430,9
3431,1
3432,7
3433,6
3434,1
3435,12
3436,9
3437,15
3438,7
3439,11
3440,11
3441,12
3442,4
3443,2
3444,12
3445,18
3446,11
3447,4
3448,10
3449,2
3450,18
3451,16
3452,16
3453,14
3454,17
3455,8
3456,6
3457,17
3458,5
3459,19
3460,17
3461,7
3462,7
3463,3
3464,13
3465,11
3466,20
3467,5
3468,20
3469,14
3470,22
3471,9
3472,3
3473,6
3474,1
3475,5
3476,21
3477,21
3478,9
3479,21
3480,20
3481,15
3482,20
3483,4
3484,3
3485,17
3486,3
3487,5
3488,4
3489,16
3490,5
3491,12
3492,17
3493,12
3494,2
3495,2
3496,2
3497,13
3498,5
3499,8
3500,20
3501,2
3502,8
3503,12
3504,19
3505,21
3506,17
3507,4
3508,14
3509,10
3510,1
3511,22
3512,15
3513,4
3514,14
3515,17
3516,11
3517,10
3518,2
3519,10
3520,13
3521,12
3522,21
3523,15
3524,11
3525,22
3526,3
3527,9
3528,6
3529,8
3530,6
3531,14
3532,12
3533,3
3534,17
3535,12
3536,4
3537,2
3538,13
3539,21
3540,20
3541,21
3542,18
3543,8
3544,15
3545,9
3546,10
3547,1
3548,22
3549,11
3550,17
3551,22
3552,8
3553,21
3554,4
3555,11
3556,2
3557,22
3558,17
3559,9
3560,18
3561,6
3562,5
3563,22
3564,21
3565,14
3566,18
3567,1
3568,16
3569,18
3570,13
3571,15
3572,1
3573,14
3574,6
3575,2
3576,7
3577,3
3578,5
3579,17
3580,6
3581,19
3582,4
3583,12
3584,11
3585,22
3586,16
3587,2
3588,3
3589,4
3590,1
3591,8
3592,2
3593,19
3594,15
3595,17
3596,14
3597,19
3598,21
3599,7
3600,22
3601,18
3602,15
3603,10
3604,19
3605,5
3606,2
3607,22
3608,16
3609,20
3610,11
3611,16
3612,12
3613,13
3614,1
3615,6
3616,18
3617,18
3618,8
3619,7
3620,16
3621,15
3622,4
3623,5
3624,4
3625,5
3626,20
3627,22
3628,16
3629,11
3630,21
3631,1
3632,11
3633,7
3634,16
3635,10
3636,8
3637,17
3638,17
3639,21
3640,19
3641,6
3642,21
3643,15
3644,20
3645,18
3646,21
3647,15
3648,13
3649,14
3650,21
3651,4
3652,9
3653,18
3654,14
3655,5
3656,16
3657,5
3658,13
3659,5
3660,1
3661,10
3662,1
3663,1
3664,18
3665,6
3666,19
3667,5
3668,11
3669,4
3670,12
3671,16
3672,14
3673,2
3674,16
3675,2
3676,21
3677,3
3678,1
3679,21
3680,22
3681,14
3682,6
3683,11
3684,18
3685,13
3686,17
3687,7
3688,12
3689,13
3690,20
3691,7
3692,5
3693,1
3694,12
3695,7
3696,17
3697,10
3698,16
3699,18
3700,7
3701,9
3702,22
3703,8
3704,7
3705,19
3706,17
3707,8
3708,4
3709,4
3710,18
3711,11
3712,21
3713,10
3714,4
3715,8
3716,15
3717,10
3718,11
3719,19
3720,9
3721,16
3722,10
3723,22
3724,8
3725,4
3726,11
3727,2
3728,22
3729,13
3730,22
3731,22
3732,5
3733,20
3734,17
3735,16
3736,20
3737,12
3738,12
3739,15
3740,7
3741,22
3742,5
3743,14
3744,13
3745,8
3746,4
3747,16
3748,7
3749,4
3750,5
3751,3
3752,9
3753,7
3754,7
3755,17
3756,7
3757,17
3758,15
3759,8
3760,9
3761,10
3762,13
3763,18
3764,1
3765,22
3766,10
3767,13
3768,14
3769,21
3770,7
3771,1
3772,21
3773,20
3774,7
3775,12
3776,15
3777,20
3778,15
3779,21
3780,12
3781,7
3782,18
3783,7
3784,14
3785,5
3786,15
3787,5
3788,16
3789,8
3790,3
3791,6
3792,19
3793,5
3794,2
3795,7
3796,18
3797,9
3798,3
3799,22
3800,13
3801,3
3802,3
3803,21
3804,2
3805,4
3806,7
3807,20
3808,13
3809,5
3810,18
3811,5
3812,7
3813,17
3814,8
3815,20
3816,22
3817,2
3818,18
3819,17
3820,17
3821,17
3822,11
3823,3
3824,18
3825,22
3826,7
3827,11
3828,4
3829,5
3830,11
3831,8
3832,2
3833,19
3834,21
3835,3
3836,15
3837,2
3838,4
3839,2
3840,10
3841,8
3842,17
3843,1
3844,14
3845,11
3846,19
3847,19
3848,10
3849,6
3850,1
3851,4
3852,1
3853,7
3854,3
3855,14
3856,15
3857,10
3858,13
3859,20
3860,12
3861,13
3862,8
3863,4
3864,10
3865,9
3866,21
3867,11
3868,20
3869,19
3870,9
3871,18
3872,16
3873,3
3874,22
3875,21
3876,15
3877,18
3878,15
3879,19
3880,4
3881,2
3882,19
3883,4
3884,6
3885,7
3886,16
3887,5
3888,19
3889,13
3890,13
3891,21
3892,6
3893,15
3894,18
3895,7
3896,10
3897,17
3898,18
3899,10
3900,12
3901,1
3902,4
3903,12
3904,9
3905,11
3906,22
3907,20
3908,15
3909,1
3910,7
3911,15
3912,13
3913,14
3914,10
3915,8
3916,14
3917,2
3918,3
3919,4
3920,20
3921,3
3922,9
3923,6
3924,3
3925,7
3926,7
3927,2
3928,4
3929,13
3930,10
3931,16
3932,18
3933,11
3934,4
3935,21
3936,5
3937,21
3938,8
3939,10
3940,13
3941,17
3942,7
3943,15
3944,17
3945,22
3946,9
3947,21
3948,13
3949,14
3950,15
3951,14
3952,14
3953,15
3954,9
3955,16
3956,5
3957,8
3958,22
3959,14
3960,18
3961,21
3962,14
3963,19
3964,3
3965,15
3966,17
3967,6
3968,2
3969,8
3970,7
3971,16
3972,20
3973,9
3974,2
3975,2
3976,20
3977,9
3978,13
3979,8
3980,11
3981,3
3982,22
3983,22
3984,15
3985,20
3986,2
3987,14
3988,7
3989,10
3990,4
3991,7
3992,18
3993,15
3994,15
3995,4
3996,16
3997,18
3998,14
3999,19
4000,5
4001,5
4002,12
4003,7
4004,13
4005,2
4006,7
4007,2
4008,9
4009,13
4010,20
4011,19
4012,8
4013,21
4014,2
4015,8
4016,7
4017,2
4018,6
4019,15
4020,7
4021,10
4022,2
4023,6
4024,19
4025,13
4026,1
4027,14
4028,12
4029,21
4030,12
4031,6
4032,15
4033,18
4034,15
4035,1
4036,10
4037,1
4038,16
4039,22
4040,14
4041,22
4042,6
4043,17
4044,5
4045,15
4046,3
4047,21
4048,13
4049,5
4050,18
4051,19
4052,21
4053,19
4054,17
4055,19
4056,22
4057,3
4058,18
4059,11
4060,8
4061,5
4062,7
4063,17
4064,8
4065,17
4066,5
4067,5
4068,22
4069,20
4070,6
4071,20
4072,3
4073,5
4074,17
4075,15
4076,1
4077,13
4078,7
4079,12
4080,10
4081,16
4082,4
4083,2
4084,3
4085,17
4086,11
4087,5
4088,1
4089,1
4090,7
4091,18
4092,4
4093,15
4094,5
4095,21
4096,12
4097,22
4098,19
4099,8
4100,15
4101,2
4102,16
4103,11
4104,12
4105,4
4106,19
4107,15
4108,4
4109,1
4110,8
4111,6
4112,12
4113,14
4114,15
4115,16
4116,10
4117,13
4118,5
4119,3
4120,3
4121,9
4122,4
4123,9
4124,7
4125,15
4126,15
4127,5
4128,13
4129,1
4130,20
4131,22
4132,18
4133,7
4134,18
4135,13
4136,15
4137,6
4138,12
4139,5
4140,19
4141,18
4142,15
4143,11
4144,17
4145,17
4146,14
4147,18
4148,21
4149,22
4150,22
4151,8
4152,6
4153,18
4154,5
4155,20
4156,18
4157,11
4158,6
4159,20
4160,22
4161,22
4162,2
4163,9
4164,3
4165,14
4166,21
4167,7
4168,16
4169,2
4170,7
4171,6
4172,22
4173,8
4174,17
4175,4
4176,19
4177,17
4178,1
4179,12
4180,21
4181,22
4182,21
4183,22
4184,2
4185,15
4186,1
4187,17
4188,3
4189,2
4190,3
4191,22
4192,2
4193,4
4194,8
4195,5
4196,22
4197,7
4198,22
4199,18
4200,14
4201,4
4202,21
4203,14
4204,11
4205,8
4206,2
4207,16
4208,16
4209,22
4210,3
4211,21
4212,20
4213,2
4214,11
4215,13
4216,10
4217,19
4218,20
4219,4
4220,3
4221,1
4222,16
4223,18
4224,3
4225,6
4226,15
4227,15
4228,13
4229,13
4230,17
4231,6
4232,21
4233,19
4234,9
4235,21
4236,21
4237,4
4238,15
4239,9
4240,5
4241,20
4242,10
4243,21
4244,11
4245,10
4246,4
4247,18
4248,18
4249,21
4250,8
4251,4
4252,1
4253,2
4254,4
4255,18
4256,14
4257,21
4258,2
4259,10
4260,6
4261,9
4262,9
4263,3
4264,11
4265,5
4266,7
4267,10
4268,14
4269,12
4270,12
4271,9
4272,5
4273,16
4274,18
4275,11
4276,21
4277,9
4278,15
4279,22
4280,22
4281,4
4282,11
4283,5
4284,9
4285,10
4286,15
4287,19
4288,12
4289,14
4290,5
4291,2
4292,11
4293,3
4294,11
4295,14
4296,20
4297,13
4298,11
4299,22
4300,6
4301,12
4302,7
4303,20
4304,15
4305,9
4306,2
4307,20
4308,3
4309,5
4310,9
4311,19
4312,1
4313,16
4314,7
4315,8
4316,19
4317,9
4318,2
4319,12
4320,18
4321,12
4322,5
4323,4
4324,5
4325,13
4326,17
4327,4
4328,17
4329,7
4330,15
4331,20
4332,2
4333,6
4334,7
4335,14
4336,7
4337,21
4338,14
4339,14
4340,17
4341,18
4342,8
4343,9
4344,11
4345,12
4346,7
4347,6
4348,3
4349,6
4350,22
4351,7
4352,2
4353,15
4354,11
4355,9
4356,17
4357,9
4358,4
4359,1
4360,2
4361,11
4362,18
4363,20
4364,14
4365,6
4366,18
4367,8
4368,14
4369,11
4370,9
4371,12
4372,11
4373,16
4374,13
4375,9
4376,2
4377,11
4378,13
4379,17
4380,15
4381,12
4382,3
4383,11
4384,6
4385,4
4386,22
4387,12
4388,7
4389,9
4390,4
4391,2
4392,3
4393,5
4394,19
4395,2
4396,22
4397,9
4398,1
4399,11
4400,12
4401,22
4402,22
4403,5
4404,10
4405,10
4406,9
4407,11
4408,6
4409,22
4410,14
4411,16
4412,20
4413,16
4414,14
4415,21
4416,4
4417,12
4418,13
4419,21
4420,10
4421,4
4422,19
4423,7
4424,17
4425,6
4426,18
4427,12
4428,1
4429,20
4430,1
4431,13
4432,17
4433,14
4434,1
4435,17
4436,12
4437,5
4438,10
4439,17
4440,19
4441,2
4442,21
4443,15
4444,19
4445,6
4446,14
4447,10
4448,2
4449,7
4450,16
4451,14
4452,21
4453,15
4454,10
4455,6
4456,6
4457,18
4458,11
4459,8
4460,8
4461,18
4462,1
4463,6
4464,3
4465,4
4466,3
4467,3
4468,21
4469,21
4470,19
4471,9
4472,12
4473,17
4474,22
4475,16
4476,21
4477,13
4478,1
4479,19
4480,2
4481,16
4482,17
4483,3
4484,1
4485,17
4486,21
4487,9
4488,2
4489,6
4490,21
4491,7
4492,1
4493,7
4494,22
4495,2
4496,22
4497,10
4498,7
4499,15
4500,20
4501,15
4502,7
4503,12
4504,13
4505,21
4506,21
4507,9
4508,16
4509,15
4510,22
4511,2
4512,15
4513,6
4514,5
4515,5
4516,14
4517,22
4518,4
4519,17
4520,19
4521,3
4522,7
4523,11
4524,7
4525,7
4526,6
4527,2
4528,4
4529,3
4530,4
4531,7
4532,6
4533,19
4534,18
4535,5
4536,15
4537,13
4538,19
4539,15
4540,2
4541,2
4542,7
4543,13
4544,21
4545,2
4546,5
4547,16
4548,9
4549,8
4550,4
4551,15
4552,22
4553,18
4554,15
4555,22
4556,1
4557,15
4558,22
4559,7
4560,1
4561,1
4562,2
4563,1
4564,20
4565,15
4566,17
4567,18
4568,19
4569,20
4570,4
4571,9
4572,3
4573,6
4574,21
4575,9
4576,21
4577,22
4578,17
4579,7
4580,20
4581,4
4582,2
4583,16
4584,7
4585,16
4586,14
4587,13
4588,6
4589,5
4590,1
4591,5
4592,3
4593,6
4594,10
4595,1
4596,1
4597,13
4598,5
4599,7
4600,7
4601,18
4602,14
4603,7
4604,22
4605,15
4606,6
4607,7
4608,22
4609,10
4610,17
4611,17
4612,1
4613,18
4614,17
4615,5
4616,8
4617,1
4618,9
4619,2
4620,18
4621,7
4622,14
4623,7
4624,22
4625,14
4626,11
4627,12
4628,21
4629,3
4630,12
4631,7
4632,10
4633,3
4634,11
4635,7
4636,22
4637,8
4638,10
4639,7
4640,8
4641,1
4642,16
4643,11
4644,6
4645,6
4646,15
4647,10
4648,17
4649,5
4650,21
4651,7
4652,2
4653,16
4654,4
4655,4
4656,14
4657,16
4658,6
4659,21
4660,7
4661,1
4662,14
4663,22
4664,11
4665,9
4666,13
4667,12
4668,2
4669,18
4670,12
4671,8
4672,13
4673,16
4674,17
4675,18
4676,11
4677,4
4678,13
4679,2
4680,14
4681,8
4682,3
4683,5
4684,3
4685,4
4686,4
4687,8
4688,10
4689,16
4690,14
4691,13
4692,15
4693,7
4694,2
4695,17
4696,18
4697,20
4698,7
4699,4
4700,8
4701,16
4702,17
4703,17
4704,7
4705,17
4706,16
4707,10
4708,10
4709,11
4710,12
4711,1
4712,21
4713,9
4714,12
4715,9
4716,3
4717,9
4718,14
4719,16
4720,20
4721,11
4722,14
4723,17
4724,16
4725,4
4726,6
4727,7
4728,1
4729,1
4730,8
4731,5
4732,18
4733,18
4734,11
4735,4
4736,21
4737,9
4738,6
4739,2
4740,4
4741,4
4742,17
4743,4
4744,2
4745,16
4746,20
4747,7
4748,11
4749,4
4750,1
4751,17
4752,3
4753,20
4754,7
4755,18
4756,3
4757,7
4758,8
4759,17
4760,8
4761,16
4762,1
4763,17
4764,9
4765,7
4766,2
4767,11
4768,22
4769,10
4770,19
4771,18
4772,5
4773,8
4774,3
4775,20
4776,9
4777,14
4778,3
4779,14
4780,2
4781,1
4782,21
4783,21
4784,4
4785,22
4786,19
4787,22
4788,16
4789,2
4790,3
4791,10
4792,16
4793,13
4794,9
4795,17
4796,3
4797,13
4798,1
4799,1
4800,5
4801,8
4802,3
4803,17
4804,9
4805,20
4806,11
4807,7
4808,6
4809,22
4810,9
4811,2
4812,21
4813,2
4814,7
4815,12
4816,18
4817,21
4818,22
4819,21
4820,5
4821,5
4822,10
4823,18
4824,17
4825,7
4826,16
4827,16
4828,19
4829,9
4830,1
4831,4
4832,9
4833,19
4834,16
4835,12
4836,15
4837,1
4838,21
4839,5
4840,16
4841,19
4842,22
4843,22
4844,6
4845,14
4846,8
4847,19
4848,5
4849,1
4850,11
4851,21
4852,18
4853,12
4854,16
4855,20
4856,22
4857,15
4858,11
4859,12
4860,1
4861,22
4862,9
4863,22
4864,2
4865,3
4866,14
4867,19
4868,3
4869,7
4870,3
4871,9
4872,16
4873,14
4874,19
4875,22
4876,19
4877,14
4878,21
4879,3
4880,17
4881,8
4882,7
4883,22
4884,22
4885,17
4886,21
4887,15
4888,2
4889,3
4890,19
4891,22
4892,9
4893,1
4894,18
4895,19
4896,15
4897,11
4898,4
4899,7
4900,17
4901,5
4902,9
4903,3
4904,19
4905,19
4906,16
4907,17
4908,11
4909,2
4910,18
4911,20
4912,1
4913,8
4914,14
4915,4
4916,21
4917,15
4918,4
4919,19
4920,15
4921,5
4922,14
4923,21
4924,20
4925,2
4926,9
4927,5
4928,11
4929,14
4930,17
4931,3
4932,14
4933,7
4934,22
4935,14
4936,16
4937,3
4938,11
4939,14
4940,2
4941,9
4942,10
4943,15
4944,7
4945,12
4946,16
4947,8
4948,9
4949,6
4950,6
4951,14
4952,8
4953,7
4954,10
4955,20
4956,2
4957,7
4958,15
4959,13
4960,9
4961,5
4962,16
4963,10
4964,15
4965,19
4966,13
4967,22
4968,11
4969,13
4970,4
4971,15
4972,3
4973,3
4974,11
4975,15
4976,2
4977,21
4978,17
4979,5
4980,21
4981,9
4982,19
4983,16
4984,6
4985,17
4986,20
4987,3
4988,20
4989,19
4990,22
4991,22
4992,2
4993,22
4994,2
4995,14
4996,4
4997,12
4998,7
4999,5
5000,7
5001,4
5002,10
5003,2
5004,3
5005,19
5006,14
5007,2
5008,16
5009,5
5010,4
5011,13
5012,14
5013,18
5014,20
5015,9
5016,19
5017,1
5018,17
5019,17
5020,16
5021,15
5022,10
5023,22
5024,20
5025,14
5026,16
5027,15
5028,15
5029,9
5030,1
5031,12
5032,1
5033,16
5034,9
5035,5
5036,9
5037,20
5038,5
5039,17
5040,6
5041,11
5042,13
5043,9
5044,11
5045,22
5046,3
5047,9
5048,10
5049,20
5050,11
5051,19
5052,15
5053,3
5054,1
5055,2
5056,3
5057,5
5058,6
5059,8
5060,22
5061,7
5062,19
5063,19
5064,10
5065,5
5066,14
5067,4
5068,8
5069,4
5070,4
5071,17
5072,6
5073,9
5074,21
5075,20
5076,8
5077,1
5078,3
5079,7
5080,10
5081,5
5082,16
5083,20
5084,12
5085,18
5086,18
5087,16
5088,19
5089,18
5090,4
5091,19
5092,13
5093,6
5094,8
5095,4
5096,5
5097,15
5098,22
5099,4
5100,5
5101,8
5102,11
5103,8
5104,2
5105,7
5106,5
5107,15
5108,4
5109,5
5110,1
5111,11
5112,18
5113,10
5114,18
5115,7
5116,20
5117,13
5118,16
5119,3
5120,2
5121,6
5122,13
5123,7
5124,11
5125,11
5126,22
5127,22
5128,19
5129,20
5130,7
5131,4
5132,21
5133,20
5134,21
5135,13
5136,5
5137,3
5138,9
5139,12
5140,21
5141,11
5142,12
5143,9
5144,7
5145,6
5146,5
5147,18
5148,16
5149,8
5150,15
5151,6
5152,17
5153,22
5154,11
5155,9
5156,2
5157,22
5158,10
5159,17
5160,4
5161,10
5162,6
5163,2
5164,14
5165,13
5166,13
5167,1
5168,6
5169,1
5170,17
5171,22
5172,4
5173,8
5174,17
5175,16
5176,6
5177,20
5178,8
5179,21
5180,2
5181,2
5182,4
5183,8
5184,8
5185,12
5186,4
5187,19
5188,6
5189,22
5190,13
5191,17
5192,7
5193,17
5194,21
5195,5
5196,20
5197,4
5198,13
5199,22
5200,20
5201,18
5202,4
5203,21
5204,7
5205,6
5206,3
5207,1
5208,22
5209,9
5210,14
5211,3
5212,8
5213,5
5214,2
5215,6
5216,3
5217,5
5218,1
5219,18
5220,16
5221,5
5222,4
5223,10
5224,11
5225,9
5226,2
5227,3
5228,18
5229,4
5230,10
5231,14
5232,7
5233,4
5234,22
5235,5
5236,14
5237,3
5238,20
5239,14
5240,3
5241,13
5242,1
5243,9
5244,6
5245,17
5246,11
5247,1
5248,21
5249,11
5250,13
5251,7
5252,2
5253,20
5254,19
5255,3
5256,16
5257,13
5258,4
5259,16
5260,8
5261,10
5262,17
5263,3
5264,3
5265,13
5266,10
5267,7
5268,16
5269,1
5270,4
5271,3
5272,11
5273,15
5274,11
5275,1
5276,14
5277,8
5278,19
5279,6
5280,9
5281,4
5282,22
5283,4
5284,17
5285,22
5286,12
5287,21
5288,11
5289,8
5290,9
5291,21
5292,5
5293,11
5294,16
5295,5
5296,5
5297,16
5298,8
5299,8
5300,18
5301,9
5302,14
5303,6
5304,4
5305,8
5306,14
5307,13
5308,12
5309,19
5310,3
5311,10
5312,1
5313,1
5314,4
5315,1
5316,5
5317,14
5318,16
5319,4
5320,10
5321,11
5322,7
5323,19
5324,18
5325,6
5326,14
5327,5
5328,16
5329,22
5330,19
5331,12
5332,10
5333,5
5334,15
5335,14
5336,5
5337,1
5338,4
5339,6
5340,13
5341,8
5342,19
5343,19
5344,5
5345,1
5346,22
5347,4
5348,8
5349,4
5350,2
5351,17
5352,7
5353,15
5354,17
5355,7
5356,17
5357,7
5358,13
5359,3
5360,18
5361,4
5362,8
5363,13
5364,7
5365,22
5366,2
5367,8
5368,20
5369,20
5370,4
5371,2
5372,13
5373,6
5374,20
5375,4
5376,14
5377,6
5378,10
5379,10
5380,5
5381,4
5382,13
5383,15
5384,8
5385,5
5386,7
5387,2
5388,6
5389,12
5390,3
5391,8
5392,2
5393,18
5394,6
5395,3
5396,4
5397,22
5398,19
5399,6
5400,9
5401,1
5402,2
5403,18
5404,10
5405,6
5406,7
5407,1
5408,13
5409,8
5410,11
5411,19
5412,14
5413,7
5414,19
5415,11
5416,10
5417,2
5418,11
5419,17
5420,7
5421,13
5422,19
5423,4
5424,16
5425,9
5426,2
5427,20
5428,20
5429,2
5430,19
5431,4
5432,1
5433,2
5434,6
5435,21
5436,13
5437,11
5438,13
5439,2
5440,6
5441,2
5442,2
5443,9
5444,6
5445,11
5446,3
5447,22
5448,8
5449,19
5450,7
5451,2
5452,4
5453,21
5454,4
5455,3
5456,9
5457,17
5458,18
5459,8
5460,14
5461,18
5462,2
5463,21
5464,17
5465,4
5466,22
5467,4
5468,20
5469,22
5470,2
5471,17
5472,14
5473,11
5474,20
5475,15
5476,3
5477,15
5478,16
5479,22
5480,4
5481,19
5482,8
5483,14
5484,12
5485,7
5486,12
5487,3
5488,21
5489,13
5490,7
5491,7
5492,21
5493,21
5494,7
5495,18
5496,19
5497,13
5498,17
5499,11
5500,15
5501,4
5502,19
5503,1
5504,13
5505,7
5506,5
5507,19
5508,19
5509,16
5510,11
5511,17
5512,4
5513,12
5514,10
5515,15
5516,17
5517,18
5518,22
5519,1
5520,2
5521,11
5522,4
5523,7
5524,18
5525,1
5526,12
5527,19
5528,21
5529,15
5530,4
5531,19
5532,20
5533,1
5534,5
5535,19
5536,19
5537,17
5538,3
5539,21
5540,22
5541,10
5542,3
5543,14
5544,16
5545,7
5546,9
5547,17
5548,2
5549,10
5550,8
5551,14
5552,19
5553,18
5554,7
5555,15
5556,3
5557,14
5558,11
5559,22
5560,13
5561,6
5562,13
5563,17
5564,2
5565,10
5566,19
5567,5
5568,13
5569,21
5570,10
5571,13
5572,7
5573,21
5574,18
5575,20
5576,13
5577,8
5578,2
5579,6
5580,7
5581,15
5582,20
5583,17
5584,16
5585,14
5586,3
5587,17
5588,6
5589,15
5590,3
5591,10
5592,20
5593,11
5594,2
5595,13
5596,21
5597,8
5598,6
5599,11
5600,3
5601,2
5602,19
5603,9
5604,10
5605,2
5606,17
5607,15
5608,1
5609,6
5610,14
5611,12
5612,15
5613,13
5614,9
5615,19
5616,4
5617,1
5618,20
5619,17
5620,5
5621,18
5622,11
5623,8
5624,19
5625,20
5626,17
5627,16
5628,2
5629,22
5630,13
5631,9
5632,4
5633,5
5634,11
5635,2
5636,17
5637,11
5638,16
5639,16
5640,11
5641,15
5642,2
5643,3
5644,22
5645,7
5646,20
5647,10
5648,5
5649,18
5650,12
5651,4
5652,14
5653,18
5654,16
5655,5
5656,8
5657,16
5658,2
5659,3
5660,3
5661,17
5662,1
5663,9
5664,14
5665,7
5666,1
5667,16
5668,12
5669,19
5670,3
5671,14
5672,16
5673,9
5674,3
5675,17
5676,17
5677,9
5678,14
5679,17
5680,4
5681,17
5682,6
5683,4
5684,7
5685,16
5686,18
5687,14
5688,3
5689,14
5690,7
5691,4
5692,7
5693,20
5694,7
5695,12
5696,6
5697,2
5698,6
5699,3
5700,22
5701,2
5702,6
5703,8
5704,9
5705,4
5706,11
5707,16
5708,22
5709,13
5710,13
5711,9
5712,2
5713,13
5714,16
5715,13
5716,11
5717,10
5718,6
5719,22
5720,14
5721,5
5722,1
5723,10
5724,3
5725,7
5726,11
5727,10
5728,15
5729,10
5730,3
5731,21
5732,19
5733,9
5734,13
5735,14
5736,10
5737,9
5738,3
5739,22
5740,2
5741,7
5742,17
5743,13
5744,8
5745,7
5746,14
5747,14
5748,12
5749,6
5750,2
5751,11
5752,7
5753,1
5754,3
5755,1
5756,18
5757,1
5758,17
5759,13
5760,16
5761,18
5762,17
5763,9
5764,13
5765,20
5766,3
5767,8
5768,1
5769,15
5770,20
5771,1
5772,12
5773,15
5774,6
5775,20
5776,15
5777,14
5778,16
5779,9
5780,2
5781,13
5782,9
5783,21
5784,1
5785,5
5786,11
5787,5
5788,12
5789,19
5790,13
5791,20
5792,8
5793,8
5794,11
5795,2
5796,18
5797,21
5798,11
5799,9
5800,19
5801,5
5802,9
5803,12
5804,3
5805,2
5806,9
5807,21
5808,8
5809,5
5810,5
5811,18
5812,12
5813,16
5814,20
5815,2
5816,10
5817,14
5818,1
5819,4
5820,4
5821,4
5822,1
5823,4
5824,16
5825,7
5826,20
5827,3
5828,18
5829,16
5830,19
5831,12
5832,2
5833,8
5834,3
5835,13
5836,11
5837,13
5838,12
5839,2
5840,18
5841,1
5842,15
5843,2
5844,14
5845,2
5846,20
5847,16
5848,3
5849,7
5850,4
5851,3
5852,13
5853,22
5854,10
5855,17
5856,12
5857,9
5858,14
5859,3
5860,3
5861,5
5862,19
5863,18
5864,5
5865,20
5866,2
5867,20
5868,16
5869,5
5870,13
5871,5
5872,11
5873,7
5874,12
5875,17
5876,7
5877,16
5878,18
5879,18
5880,9
5881,15
5882,15
5883,19
5884,8
5885,3
5886,18
5887,7
5888,8
5889,8
5890,17
5891,12
5892,4
5893,22
5894,18
5895,4
5896,17
5897,19
5898,10
5899,15
5900,4
5901,11
5902,10
5903,5
5904,19
5905,7
5906,17
5907,22
5908,7
5909,19
5910,9
5911,6
5912,14
5913,5
5914,2
5915,22
5916,15
5917,5
5918,4
5919,22
5920,11
5921,11
5922,6
5923,3
5924,13
5925,6
5926,12
5927,13
5928,6
5929,7
5930,4
5931,16
5932,11
5933,21
5934,1
5935,7
5936,5
5937,7
5938,1
5939,1
5940,22
5941,4
5942,22
5943,3
5944,4
5945,1
5946,20
5947,8
5948,1
5949,1
5950,3
5951,16
5952,14
5953,8
5954,2
5955,20
5956,15
5957,6
5958,13
5959,9
5960,1
5961,1
5962,18
5963,20
5964,9
5965,14
5966,11
5967,14
5968,22
5969,6
5970,9
5971,2
5972,7
5973,16
5974,9
5975,18
5976,7
5977,11
5978,11
5979,16
5980,3
5981,21
5982,21
5983,16
5984,6
5985,8
5986,22
5987,12
5988,4
5989,19
5990,17
5991,16
5992,12
5993,10
5994,12
5995,16
5996,18
5997,8
5998,6
5999,13
6000,12
6001,6
6002,8
6003,19
6004,6
6005,14
6006,3
6007,13
6008,17
6009,10
6010,5
6011,8
6012,19
6013,19
6014,7
6015,1
6016,14
6017,12
6018,7
6019,21
6020,11
6021,16
6022,2
6023,11
6024,13
6025,3
6026,8
6027,13
6028,4
6029,1
6030,18
6031,2
6032,12
6033,4
6034,4
6035,2
6036,4
6037,8
6038,4
6039,20
6040,3
6041,19
6042,11
6043,12
6044,10
6045,9
6046,12
6047,3
6048,3
6049,7
6050,7
6051,4
6052,6
6053,12
6054,10
6055,3
6056,9
6057,22
6058,18
6059,22
6060,8
6061,13
6062,10
6063,20
6064,17
6065,5
6066,10
6067,18
6068,19
6069,6
6070,10
6071,17
6072,5
6073,7
6074,9
6075,21
6076,9
6077,20
6078,19
6079,19
6080,6
6081,18
6082,15
6083,4
6084,5
6085,2
6086,5
6087,3
6088,16
6089,14
6090,3
6091,18
6092,1
6093,21
6094,1
6095,5
6096,12
6097,22
6098,13
6099,14
6100,22
6101,19
6102,12
6103,5
6104,15
6105,14
6106,4
6107,12
6108,4
6109,15
6110,3
6111,5
6112,16
6113,12
6114,14
6115,18
6116,7
6117,4
6118,3
6119,7
6120,5
6121,8
6122,15
6123,9
6124,11
6125,2
6126,20
6127,6
6128,12
6129,12
6130,4
6131,9
6132,16
6133,22
6134,10
6135,15
6136,4
6137,8
6138,15
6139,14
6140,13
6141,13
6142,15
6143,13
6144,2
6145,14
6146,1
6147,2
6148,21
6149,7
6150,18
6151,12
6152,15
6153,5
6154,17
6155,17
6156,14
6157,1
6158,19
6159,10
6160,15
6161,3
6162,18
6163,14
6164,11
6165,11
6166,17
6167,20
6168,8
6169,7
6170,17
6171,14
6172,13
6173,5
6174,4
6175,4
6176,4
6177,16
6178,21
6179,6
6180,2
6181,18
6182,3
6183,11
6184,19
6185,18
6186,9
6187,5
6188,18
6189,2
6190,22
6191,2
6192,17
6193,15
6194,20
6195,13
6196,20
6197,10
6198,3
6199,4
6200,15
6201,14
6202,5
6203,20
6204,15
6205,5
6206,20
6207,11
6208,6
6209,17
6210,10
6211,14
6212,10
6213,5
6214,9
6215,2
6216,5
6217,4
6218,8
6219,14
6220,21
6221,5
6222,20
6223,2
6224,10
6225,11
6226,11
6227,11
6228,9
6229,6
6230,22
6231,7
6232,7
6233,12
6234,6
6235,7
6236,8
6237,9
6238,5
6239,8
6240,12
6241,1
6242,22
6243,2
6244,5
6245,9
6246,10
6247,22
6248,9
6249,9
6250,1
6251,5
6252,6
6253,19
6254,6
6255,16
6256,3
6257,18
6258,11
6259,6
6260,6
6261,10
6262,15
6263,2
6264,19
6265,17
6266,17
6267,4
6268,4
6269,10
6270,14
6271,15
6272,19
6273,11
6274,4
6275,21
6276,13
6277,14
6278,8
6279,5
6280,21
6281,20
6282,4
6283,11
6284,10
6285,18
6286,8
6287,6
6288,4
6289,9
6290,5
6291,17
6292,4
6293,3
6294,5
6295,1
6296,4
6297,4
6298,6
6299,8
6300,7
6301,4
6302,5
6303,7
6304,10
6305,5
6306,4
6307,19
6308,20
6309,8
6310,22
6311,13
6312,11
6313,4
6314,3
6315,8
6316,15
6317,7
6318,14
6319,13
6320,3
6321,19
6322,2
6323,19
6324,1
6325,9
6326,8
6327,18
6328,13
6329,12
6330,6
6331,14
6332,10
6333,16
6334,2
6335,10
6336,21
6337,18
6338,2
6339,18
6340,15
6341,21
6342,17
6343,2
6344,14
6345,5
6346,5
6347,1
6348,12
6349,22
6350,21
6351,4
6352,14
6353,4
6354,3
6355,15
6356,20
6357,9
6358,22
6359,5
6360,8
6361,8
6362,7
6363,12
6364,19
6365,12
6366,22
6367,13
6368,2
6369,15
6370,14
6371,11
6372,6
6373,20
6374,2
6375,3
6376,20
6377,21
6378,4
6379,17
6380,20
6381,19
6382,3
6383,4
6384,7
6385,10
6386,6
6387,10
6388,14
6389,3
6390,5
6391,17
6392,6
6393,5
6394,2
6395,6
6396,10
6397,22
6398,7
6399,17
6400,2
6401,4
6402,3
6403,4
6404,22
6405,15
6406,14
6407,7
6408,22
6409,2
6410,13
6411,15
6412,18
6413,7
6414,20
6415,22
6416,10
6417,13
6418,14
6419,13
6420,5
6421,21
6422,18
6423,1
6424,6
6425,18
6426,21
6427,15
6428,20
6429,4
6430,2
6431,14
6432,12
6433,13
6434,4
6435,8
6436,1
6437,7
6438,2
6439,11
6440,13
6441,5
6442,16
6443,18
6444,9
6445,6
6446,3
6447,11
6448,17
6449,16
6450,3
6451,12
6452,9
6453,1
6454,21
6455,3
6456,5
6457,3
6458,13
6459,16
6460,15
6461,6
6462,13
6463,4
6464,18
6465,5
6466,5
6467,9
6468,21
6469,21
6470,8
6471,3
6472,21
6473,2
6474,22
6475,3
6476,7
6477,14
6478,22
6479,11
6480,14
6481,15
6482,17
6483,10
6484,9
6485,1
6486,14
6487,22
6488,2
6489,19
6490,9
6491,16
6492,6
6493,7
6494,22
6495,22
6496,13
6497,16
6498,20
6499,21
6500,6
6501,8
6502,6
6503,5
6504,8
6505,3
6506,2
6507,6
6508,3
6509,14
6510,7
6511,12
6512,3
6513,21
6514,19
6515,20
6516,3
6517,21
6518,6
6519,6
6520,12
6521,5
6522,16
6523,2
6524,6
6525,10
6526,20
6527,8
6528,10
6529,7
6530,4
6531,12
6532,3
6533,11
6534,5
6535,4
6536,20
6537,12
6538,21
6539,17
6540,2
6541,20
6542,22
6543,6
6544,1
6545,18
6546,12
6547,2
6548,10
6549,14
6550,8
6551,14
6552,22
6553,16
6554,6
6555,9
6556,1
6557,11
6558,4
6559,8
6560,16
6561,20
6562,20
6563,6
6564,3
6565,21
6566,12
6567,16
6568,14
6569,22
6570,2
6571,2
6572,18
6573,13
6574,10
6575,8
6576,9
6577,11
6578,2
6579,18
6580,22
6581,4
6582,3
6583,8
6584,19
6585,2
6586,2
6587,10
6588,12
6589,13
6590,8
6591,20
6592,15
6593,21
6594,3
6595,4
6596,14
6597,10
6598,2
6599,1
6600,8
6601,18
6602,21
6603,18
6604,1
6605,12
6606,8
6607,15
6608,16
6609,9
6610,12
6611,19
6612,3
6613,13
6614,4
6615,15
6616,3
6617,16
6618,18
6619,4
6620,22
6621,7
6622,20
6623,22
6624,4
6625,17
6626,5
6627,7
6628,18
6629,10
6630,13
6631,13
6632,22
6633,11
6634,17
6635,20
6636,19
6637,14
6638,2
6639,12
6640,5
6641,8
6642,17
6643,10
6644,14
6645,6
6646,17
6647,12
6648,11
6649,20
6650,5
6651,9
6652,21
6653,17
6654,13
6655,5
6656,21
6657,1
6658,2
6659,16
6660,12
6661,11
6662,9
6663,16
6664,4
6665,17
6666,2
6667,4
6668,2
6669,21
6670,15
6671,16
6672,16
6673,8
6674,2
6675,17
6676,11
6677,6
6678,2
6679,5
6680,20
6681,3
6682,10
6683,6
6684,17
6685,9
6686,1
6687,13
6688,9
6689,8
6690,16
6691,13
6692,16
6693,17
6694,17
6695,10
6696,8
6697,15
6698,5
6699,8
6700,7
6701,6
6702,11
6703,13
6704,14
6705,21
6706,3
6707,16
6708,16
6709,1
6710,8
6711,21
6712,21
6713,8
6714,19
6715,6
6716,9
6717,11
6718,2
6719,1
6720,21
6721,9
6722,19
6723,13
6724,20
6725,5
6726,3
6727,3
6728,11
6729,3
6730,11
6731,16
6732,7
6733,21
6734,7
6735,11
6736,5
6737,2
6738,7
6739,19
6740,17
6741,1
6742,8
6743,1
6744,2
6745,6
6746,17
6747,3
6748,16
6749,14
6750,7
6751,21
6752,6
6753,14
6754,2
6755,17
6756,6
6757,4
6758,20
6759,3
6760,8
6761,22
6762,14
6763,18
6764,22
6765,22
6766,19
6767,4
6768,3
6769,12
6770,2
6771,14
6772,7
6773,8
6774,18
6775,20
6776,8
6777,22
6778,4
6779,6
6780,14
6781,11
6782,2
6783,10
6784,4
6785,4
6786,2
6787,7
6788,19
6789,22
6790,10
6791,20
6792,22
6793,17
6794,3
6795,7
6796,6
6797,16
6798,6
6799,8
6800,6
6801,3
6802,8
6803,14
6804,21
6805,21
6806,22
6807,22
6808,16
6809,12
6810,12
6811,16
6812,19
6813,16
6814,4
6815,12
6816,14
6817,13
6818,3
6819,17
6820,18
6821,2
6822,14
6823,15
6824,6
6825,17
6826,9
6827,12
6828,16
6829,8
6830,3
6831,5
6832,22
6833,2
6834,13
6835,2
6836,5
6837,5
6838,12
6839,7
6840,13
6841,22
6842,3
6843,15
6844,15
6845,22
6846,5
6847,7
6848,14
6849,11
6850,2
6851,7
6852,3
6853,7
6854,13
6855,17
6856,22
6857,5
6858,2
6859,16
6860,11
6861,16
6862,21
6863,10
6864,12
6865,1
6866,10
6867,12
6868,16
6869,13
6870,18
6871,16
6872,16
6873,4
6874,16
6875,9
6876,22
6877,21
6878,7
6879,8
6880,4
6881,7
6882,18
6883,21
6884,5
6885,12
6886,22
6887,12
6888,8
6889,14
6890,19
6891,20
6892,6
6893,10
6894,16
6895,4
6896,20
6897,2
6898,16
6899,5
6900,14
6901,10
6902,19
6903,3
6904,11
6905,18
6906,1
6907,14
6908,17
6909,20
6910,13
6911,12
6912,15
6913,14
6914,10
6915,14
6916,14
6917,16
6918,6
6919,3
6920,22
6921,14
6922,10
6923,13
6924,12
6925,15
6926,17
6927,4
6928,1
6929,12
6930,15
6931,13
6932,8
6933,6
6934,2
6935,21
6936,20
6937,6
6938,19
6939,19
6940,1
6941,12
6942,8
6943,17
6944,5
6945,22
6946,18
6947,22
6948,8
6949,2
6950,6
6951,21
6952,5
6953,2
6954,11
6955,15
6956,15
6957,7
6958,14
6959,2
6960,20
6961,11
6962,4
6963,2
6964,12
6965,17
6966,11
6967,19
6968,20
6969,9
6970,11
6971,13
6972,12
6973,17
6974,9
6975,5
6976,6
6977,5
6978,2
6979,1
6980,7
6981,11
6982,17
6983,7
6984,22
6985,8
6986,18
6987,19
6988,22
6989,4
6990,21
6991,21
6992,15
6993,22
6994,21
6995,4
6996,1
6997,16
6998,7
6999,6
7000,2
7001,16
7002,4
7003,2
7004,15
7005,19
7006,21
7007,6
7008,10
7009,8
7010,2
7011,1
7012,11
7013,5
7014,16
7015,14
7016,2
7017,3
7018,1
7019,13
7020,10
7021,22
7022,13
7023,14
7024,2
7025,8
7026,17
7027,18
7028,17
7029,18
7030,19
7031,15
7032,2
7033,3
7034,7
7035,10
7036,17
7037,16
7038,2
7039,2
7040,5
7041,3
7042,3
7043,2
7044,11
7045,8
7046,8
7047,18
7048,9
7049,9
7050,16
7051,16
7052,2
7053,1
7054,19
7055,5
7056,8
7057,19
7058,19
7059,7
7060,5
7061,5
7062,20
7063,22
7064,21
7065,11
7066,8
7067,21
7068,21
7069,17
7070,5
7071,9
7072,21
7073,13
7074,12
7075,2
7076,15
7077,20
7078,21
7079,7
7080,3
7081,16
7082,17
7083,16
7084,6
7085,7
7086,18
7087,2
7088,13
7089,16
7090,3
7091,18
7092,15
7093,18
7094,15
7095,10
7096,16
7097,19
7098,3
7099,5
7100,14
7101,22
7102,17
7103,17
7104,13
7105,6
7106,12
7107,1
7108,8
7109,13
7110,1
7111,15
7112,17
7113,16
7114,6
7115,1
7116,11
7117,5
7118,7
7119,6
7120,21
7121,11
7122,15
7123,4
7124,11
7125,20
7126,3
7127,2
7128,22
7129,4
7130,6
7131,8
7132,7
7133,1
7134,19
7135,11
7136,12
7137,14
7138,16
7139,1
7140,4
7141,20
7142,1
7143,10
7144,17
7145,11
7146,21
7147,19
7148,9
7149,5
7150,17
7151,2
7152,3
7153,7
7154,3
7155,12
7156,9
7157,6
7158,13
7159,4
7160,8
7161,5
7162,7
7163,9
7164,2
7165,13
7166,9
7167,19
7168,7
7169,14
7170,15
7171,6
7172,7
7173,22
7174,15
7175,22
7176,18
7177,15
7178,14
7179,12
7180,5
7181,10
7182,14
7183,14
7184,1
7185,2
7186,7
7187,10
7188,5
7189,2
7190,9
7191,15
7192,2
7193,14
7194,11
7195,6
7196,3
7197,3
7198,5
7199,7
7200,4
7201,20
7202,17
7203,22
7204,7
7205,18
7206,6
7207,3
7208,13
7209,20
7210,1
7211,17
7212,9
7213,16
7214,6
7215,1
7216,11
7217,20
7218,2
7219,22
7220,12
7221,3
7222,11
7223,9
7224,14
7225,11
7226,9
7227,2
7228,2
7229,11
7230,16
7231,17
7232,15
7233,10
7234,21
7235,8
7236,16
7237,22
7238,8
7239,2
7240,3
7241,13
7242,18
7243,4
7244,8
7245,5
7246,13
7247,2
7248,21
7249,17
7250,16
7251,19
7252,13
7253,3
7254,13
7255,17
7256,21
7257,5
7258,2
7259,21
7260,16
7261,7
7262,17
7263,5
7264,10
7265,22
7266,4
7267,6
7268,6
7269,19
7270,19
7271,14
7272,12
7273,16
7274,13
7275,7
7276,4
7277,4
7278,4
7279,5
7280,11
7281,2
7282,20
7283,3
7284,3
7285,21
7286,10
7287,17
7288,12
7289,1
7290,7
7291,15
7292,7
7293,16
7294,1
7295,9
7296,16
7297,22
7298,7
7299,7
7300,5
7301,7
7302,13
7303,12
7304,3
7305,21
7306,10
7307,13
7308,7
7309,18
7310,2
7311,1
7312,14
7313,2
7314,2
7315,20
7316,13
7317,4
7318,20
7319,6
7320,12
7321,9
7322,2
7323,8
7324,21
7325,11
7326,20
7327,13
7328,11
7329,22
7330,2
7331,7
7332,15
7333,3
7334,16
7335,11
7336,19
7337,20
7338,7
7339,16
7340,21
7341,2
7342,19
7343,14
7344,8
7345,10
7346,6
7347,6
7348,5
7349,15
7350,12
7351,10
7352,15
7353,19
7354,20
7355,16
7356,8
7357,22
7358,2
7359,4
7360,9
7361,16
7362,14
7363,13
7364,3
7365,12
7366,18
7367,11
7368,1
7369,15
7370,5
7371,13
7372,13
7373,18
7374,9
7375,2
7376,4
7377,18
7378,14
7379,7
7380,17
7381,5
7382,3
7383,10
7384,5
7385,5
7386,16
7387,20
7388,11
7389,14
7390,14
7391,12
7392,15
7393,1
7394,19
7395,2
7396,16
7397,17
7398,7
7399,16
7400,2
7401,12
7402,13
7403,18
7404,1
7405,20
7406,1
7407,9
7408,9
7409,5
7410,14
7411,17
7412,11
7413,16
7414,18
7415,11
7416,5
7417,21
7418,1
7419,17
7420,3
7421,15
7422,9
7423,5
7424,7
7425,9
7426,17
7427,22
7428,3
7429,7
7430,15
7431,16
7432,7
7433,21
7434,9
7435,10
7436,4
7437,3
7438,3
7439,11
7440,14
7441,10
7442,15
7443,4
7444,8
7445,7
7446,20
7447,17
7448,2
7449,10
7450,22
7451,14
7452,10
7453,9
7454,8
7455,9
7456,12
7457,4
7458,20
7459,17
7460,9
7461,4
7462,9
7463,5
7464,13
7465,14
7466,6
7467,9
7468,11
7469,12
7470,15
7471,11
7472,5
7473,21
7474,8
7475,12
7476,19
7477,19
7478,12
7479,6
7480,2
7481,13
7482,3
7483,3
7484,9
7485,6
7486,10
7487,4
7488,5
7489,4
7490,11
7491,17
7492,16
7493,8
7494,10
7495,20
7496,11
7497,19
7498,11
7499,6
7500,3
7501,13
7502,6
7503,6
7504,13
7505,5
7506,20
7507,6
7508,7
7509,4
7510,15
7511,17
7512,4
7513,2
7514,5
7515,1
7516,2
7517,2
7518,17
7519,16
7520,11
7521,7
7522,16
7523,15
7524,22
7525,9
7526,11
7527,19
7528,12
7529,22
7530,8
7531,12
7532,18
7533,9
7534,13
7535,11
7536,7
7537,13
7538,12
7539,7
7540,15
7541,11
7542,13
7543,17
7544,7
7545,3
7546,8
7547,16
7548,5
7549,5
7550,2
7551,7
7552,5
7553,5
7554,22
7555,21
7556,19
7557,16
7558,17
7559,14
7560,12
7561,7
7562,16
7563,1
7564,9
7565,4
7566,14
7567,16
7568,11
7569,10
7570,5
7571,14
7572,20
7573,8
7574,2
7575,1
7576,6
7577,9
7578,4
7579,2
7580,15
7581,3
7582,22
7583,13
7584,6
7585,7
7586,4
7587,6
7588,15
7589,17
7590,21
7591,15
7592,14
7593,4
7594,10
7595,17
7596,5
7597,21
7598,2
7599,6
7600,4
7601,4
7602,9
7603,21
7604,21
7605,11
7606,4
7607,6
7608,16
7609,2
7610,8
7611,12
7612,10
7613,21
7614,19
7615,20
7616,13
7617,7
7618,9
7619,19
7620,18
7621,14
7622,9
7623,8
7624,2
7625,2
7626,21
7627,14
7628,17
7629,9
7630,4
7631,10
7632,16
7633,11
7634,2
7635,3
7636,16
7637,1
7638,2
7639,10
7640,1
7641,9
7642,5
7643,16
7644,21
7645,8
7646,14
7647,13
7648,11
7649,19
7650,5
7651,2
7652,16
7653,2
7654,7
7655,16
7656,17
7657,18
7658,11
7659,2
7660,4
7661,4
7662,9
7663,7
7664,1
7665,1
7666,17
7667,6
7668,20
7669,16
7670,1
7671,6
7672,20
7673,6
7674,19
7675,1
7676,6
7677,18
7678,17
7679,10
7680,2
7681,14
7682,14
7683,12
7684,11
7685,19
7686,15
7687,16
7688,8
7689,11
7690,7
7691,18
7692,10
7693,1
7694,5
7695,20
7696,8
7697,9
7698,12
7699,2
7700,7
7701,22
7702,10
7703,6
7704,21
7705,21
7706,22
7707,6
7708,20
7709,1
7710,5
7711,6
7712,2
7713,5
7714,1
7715,4
7716,2
7717,8
7718,17
7719,4
7720,9
7721,1
7722,20
7723,17
7724,13
7725,8
7726,10
7727,5
7728,16
7729,5
7730,16
7731,1
7732,17
7733,12
7734,17
7735,2
7736,7
7737,19
7738,10
7739,8
7740,21
7741,4
7742,17
7743,3
7744,3
7745,11
7746,10
7747,8
7748,14
7749,9
7750,8
7751,17
7752,13
7753,16
7754,20
7755,14
7756,2
7757,20
7758,6
7759,22
7760,1
7761,7
7762,21
7763,8
7764,18
7765,20
7766,16
7767,7
7768,14
7769,15
7770,8
7771,5
7772,8
7773,21
7774,4
7775,7
7776,20
7777,21
7778,7
7779,14
7780,7
7781,14
7782,5
7783,12
7784,19
7785,5
7786,6
7787,21
7788,5
7789,11
7790,2
7791,16
7792,3
7793,16
7794,9
7795,12
7796,1
7797,7
7798,5
7799,18
7800,3
7801,18
7802,15
7803,7
7804,7
7805,8
7806,8
7807,22
7808,14
7809,3
7810,22
7811,20
7812,2
7813,13
7814,17
7815,7
7816,10
7817,8
7818,20
7819,1
7820,13
7821,8
7822,15
7823,5
7824,20
7825,7
7826,12
7827,3
7828,5
7829,15
7830,22
7831,19
7832,6
7833,14
7834,3
7835,8
7836,17
7837,5
7838,5
7839,14
7840,2
7841,17
7842,9
7843,6
7844,11
7845,4
7846,8
7847,22
7848,16
7849,8
7850,2
7851,5
7852,2
7853,12
7854,12
7855,5
7856,22
7857,2
7858,4
7859,16
7860,5
7861,3
7862,19
7863,12
7864,8
7865,19
7866,14
7867,9
7868,7
7869,2
7870,10
7871,11
7872,13
7873,21
7874,14
7875,5
7876,2
7877,14
7878,2
7879,5
7880,20
7881,6
7882,13
7883,6
7884,6
7885,4
7886,6
7887,3
7888,16
7889,21
7890,16
7891,2
7892,12
7893,4
7894,18
7895,18
7896,21
7897,14
7898,4
7899,21
7900,8
7901,22
7902,2
7903,6
7904,12
7905,6
7906,2
7907,4
7908,20
7909,5
7910,6
7911,15
7912,14
7913,18
7914,7
7915,6
7916,14
7917,14
7918,2
7919,6
7920,8
7921,7
7922,9
7923,15
7924,5
7925,20
7926,6
7927,21
7928,2
7929,7
7930,6
7931,3
7932,10
7933,6
7934,21
7935,12
7936,13
7937,9
7938,3
7939,11
7940,10
7941,3
7942,4
7943,14
7944,19
7945,11
7946,8
7947,3
7948,19
7949,11
7950,19
7951,17
7952,17
7953,20
7954,20
7955,9
7956,22
7957,4
7958,7
7959,13
7960,16
7961,15
7962,21
7963,16
7964,12
7965,16
7966,3
7967,5
7968,16
7969,9
7970,7
7971,9
7972,20
7973,18
7974,2
7975,1
7976,9
7977,9
7978,10
7979,5
7980,13
7981,15
7982,6
7983,15
7984,8
7985,22
7986,8
7987,12
7988,18
7989,22
7990,13
7991,18
7992,4
7993,10
7994,21
7995,12
7996,10
7997,6
7998,3
7999,6
8000,2
8001,6
8002,13
8003,8
8004,5
8005,22
8006,15
8007,4
8008,14
8009,5
8010,8
8011,6
8012,18
8013,4
8014,7
8015,11
8016,2
8017,13
8018,15
8019,15
8020,1
8021,13
8022,8
8023,18
8024,11
8025,20
8026,1
8027,15
8028,17
8029,5
8030,19
8031,18
8032,18
8033,2
8034,14
8035,22
8036,12
8037,15
8038,19
8039,20
8040,2
8041,12
8042,21
8043,14
8044,12
8045,10
8046,18
8047,15
8048,6
8049,5
8050,2
8051,7
8052,10
8053,16
8054,16
8055,3
8056,7
8057,8
8058,13
8059,7
8060,3
8061,14
8062,3
8063,5
8064,4
8065,9
8066,1
8067,9
8068,15
8069,7
8070,11
8071,7
8072,18
8073,20
8074,11
8075,17
8076,15
8077,11
8078,7
8079,1
8080,7
8081,16
8082,6
8083,8
8084,3
8085,6
8086,8
8087,3
8088,2
8089,22
8090,11
8091,14
8092,7
8093,14
8094,7
8095,5
8096,7
8097,1
8098,19
8099,19
8100,18
8101,20
8102,19
8103,21
8104,6
8105,11
8106,14
8107,17
8108,11
8109,2
8110,12
8111,6
8112,6
8113,19
8114,6
8115,6
8116,14
8117,22
8118,21
8119,17
8120,18
8121,5
8122,18
8123,10
8124,16
8125,11
8126,20
8127,16
8128,17
8129,8
8130,17
8131,14
8132,10
8133,22
8134,7
8135,22
8136,9
8137,19
8138,17
8139,9
8140,8
8141,17
8142,9
8143,4
8144,11
8145,11
8146,19
8147,21
8148,6
8149,17
8150,1
8151,8
8152,13
8153,1
8154,9
8155,6
8156,11
8157,22
8158,2
8159,3
8160,6
8161,14
8162,17
8163,10
8164,17
8165,3
8166,3
8167,10
8168,18
8169,7
8170,20
8171,5
8172,21
8173,6
8174,20
8175,2
8176,18
8177,7
8178,20
8179,17
8180,2
8181,4
8182,13
8183,20
8184,22
8185,22
8186,3
8187,10
8188,5
8189,19
8190,22
8191,1
8192,17
8193,5
8194,2
8195,3
8196,11
8197,7
8198,21
8199,8
8200,8
8201,16
8202,10
8203,2
8204,16
8205,2
8206,15
8207,15
8208,21
8209,7
8210,16
8211,14
8212,10
8213,8
8214,11
8215,14
8216,12
8217,3
8218,9
8219,6
8220,15
8221,5
8222,18
8223,22
8224,22
8225,20
8226,17
8227,6
8228,18
8229,10
8230,17
8231,18
8232,1
8233,3
8234,1
8235,17
8236,22
8237,1
8238,20
8239,22
8240,16
8241,11
8242,11
8243,22
8244,21
8245,4
8246,2
8247,8
8248,7
8249,8
8250,17
8251,5
8252,19
8253,11
8254,12
8255,17
8256,16
8257,14
8258,8
8259,10
8260,11
8261,12
8262,16
8263,20
8264,5
8265,19
8266,21
8267,1
8268,20
8269,11
8270,7
8271,14
8272,11
8273,4
8274,5
8275,13
8276,21
8277,5
8278,18
8279,6
8280,12
8281,10
8282,14
8283,8
8284,9
8285,22
8286,14
8287,7
8288,17
8289,4
8290,1
8291,12
8292,6
8293,15
8294,18
8295,5
8296,12
8297,13
8298,14
8299,13
8300,21
8301,20
8302,15
8303,6
8304,3
8305,9
8306,13
8307,13
8308,22
8309,7
8310,4
8311,9
8312,17
8313,19
8314,17
8315,5
8316,8
8317,3
8318,19
8319,2
8320,17
8321,7
8322,14
8323,13
8324,21
8325,16
8326,8
8327,16
8328,14
8329,3
8330,1
8331,3
8332,14
8333,21
8334,1
8335,14
8336,2
8337,22
8338,5
8339,4
8340,8
8341,18
8342,16
8343,13
8344,11
8345,4
8346,8
8347,7
8348,21
8349,13
8350,13
8351,21
8352,6
8353,16
8354,22
8355,15
8356,21
8357,21
8358,8
8359,18
8360,11
8361,14
8362,14
8363,8
8364,2
8365,9
8366,19
8367,5
8368,2
8369,2
8370,18
8371,22
8372,20
8373,10
8374,18
8375,21
8376,9
8377,8
8378,2
8379,21
8380,22
8381,18
8382,5
8383,2
8384,10
8385,5
8386,17
8387,2
8388,2
8389,17
8390,11
8391,10
8392,11
8393,8
8394,6
8395,1
8396,22
8397,8
8398,6
8399,4
8400,8
8401,16
8402,7
8403,18
8404,11
8405,18
8406,18
8407,5
8408,4
8409,13
8410,11
8411,5
8412,5
8413,18
8414,6
8415,22
8416,20
8417,5
8418,4
8419,1
8420,9
8421,13
8422,8
8423,4
8424,14
8425,22
8426,4
8427,5
8428,10
8429,11
8430,20
8431,19
8432,20
8433,15
8434,9
8435,11
8436,14
8437,19
8438,21
8439,15
8440,10
8441,13
8442,3
8443,10
8444,2
8445,14
8446,16
8447,2
8448,1
8449,2
8450,18
8451,6
8452,4
8453,12
8454,14
8455,14
8456,7
8457,13
8458,11
8459,1
8460,18
8461,19
8462,2
8463,3
8464,14
8465,12
8466,2
8467,9
8468,9
8469,5
8470,14
8471,5
8472,7
8473,15
8474,22
8475,3
8476,22
8477,5
8478,18
8479,22
8480,13
8481,6
8482,10
8483,21
8484,11
8485,16
8486,21
8487,19
8488,14
8489,5
8490,17
8491,9
8492,13
8493,18
8494,8
8495,22
8496,22
8497,5
8498,4
8499,1
8500,8
8501,14
8502,22
8503,18
8504,1
8505,14
8506,1
8507,9
8508,11
8509,2
8510,12
8511,11
8512,4
8513,11
8514,1
8515,7
8516,3
8517,19
8518,12
8519,10
8520,19
8521,22
8522,3
8523,20
8524,7
8525,4
8526,17
8527,4
8528,7
8529,15
8530,3
8531,16
8532,10
8533,2
8534,7
8535,13
8536,11
8537,16
8538,20
8539,2
8540,3
8541,13
8542,19
8543,21
8544,1
8545,11
8546,9
8547,16
8548,1
8549,12
8550,21
8551,17
8552,19
8553,18
8554,13
8555,3
8556,16
8557,4
8558,20
8559,8
8560,2
8561,5
8562,7
8563,2
8564,8
8565,22
8566,17
8567,12
8568,4
8569,5
8570,6
8571,13
8572,19
8573,9
8574,10
8575,5
8576,17
8577,5
8578,17
8579,8
8580,8
8581,16
8582,13
8583,4
8584,6
8585,16
8586,20
8587,12
8588,7
8589,9
8590,7
8591,14
8592,12
8593,13
8594,20
8595,15
8596,12
8597,10
8598,3
8599,14
8600,14
8601,2
8602,9
8603,6
8604,2
8605,12
8606,5
8607,11
8608,7
8609,22
8610,2
8611,18
8612,3
8613,7
8614,2
8615,21
8616,10
8617,1
8618,14
8619,8
8620,5
8621,15
8622,10
8623,7
8624,7
8625,7
8626,8
8627,13
8628,16
8629,19
8630,16
8631,22
8632,21
8633,15
8634,13
8635,18
8636,6
8637,5
8638,2
8639,17
8640,1
8641,5
8642,2
8643,8
8644,2
8645,14
8646,21
8647,17
8648,14
8649,1
8650,16
8651,4
8652,20
8653,16
8654,1
8655,1
8656,2
8657,22
8658,1
8659,16
8660,9
8661,6
8662,3
8663,19
8664,7
8665,7
8666,20
8667,15
8668,14
8669,18
8670,20
8671,15
8672,6
8673,15
8674,5
8675,2
8676,5
8677,15
8678,3
8679,12
8680,2
8681,15
8682,6
8683,1
8684,11
8685,15
